Nasdaq Traded,Symbol
Y,A
Y,AA
Y,AAA
Y,AAAU
Y,AACG
Y,AACT
Y,AACT.U
Y,AACT.W
Y,AADI
Y,AADR
Y,AAL
Y,AAM
Y,AAM.U
Y,AAM.W
Y,AAME
Y,AAOI
Y,AAON
Y,AAP
Y,AAPB
Y,AAPD
Y,AAPL
Y,AAPR
Y,AAPU
Y,AAPX
Y,AAPY
Y,AAT
Y,AAXJ
Y,AB
Y,ABAT
Y,ABBV
Y,ABCB
Y,ABCL
Y,ABCS
Y,ABEO
Y,ABEQ
Y,ABEV
Y,ABG
Y,ABL
Y,ABLLL
Y,ABLLW
Y,ABLV
Y,ABLVW
Y,ABM
Y,ABNB
Y,ABNY
Y,ABOS
Y,ABP
Y,ABPWW
Y,ABR
Y,N/A
Y,ABSI
Y,ABT
Y,ABTS
Y,ABUS
Y,ABVC
Y,ABVE
Y,ABVEW
Y,ABVX
Y,AC
Y,ACA
Y,ACAD
Y,ACB
Y,ACCD
Y,ACCO
Y,ACDC
Y,ACEL
Y,ACES
Y,ACET
Y,ACGL
Y,ACGLN
Y,ACGLO
Y,ACHC
Y,ACHL
Y,ACHR
Y,ACHR.W
Y,ACHV
Y,ACI
Y,ACIC
Y,ACIO
Y,ACIU
Y,ACIW
Y,ACLS
Y,ACLX
Y,ACM
Y,ACMR
Y,ACN
Y,ACNB
Y,ACNT
Y,ACOG
Y,ACON
Y,ACONW
Y,ACP
Y,ACR
Y,ACRE
Y,ACRS
Y,ACRV
Y,ACSI
Y,ACT
Y,ACTG
Y,ACTU
Y,ACTV
Y,ACU
Y,ACV
Y,ACVA
Y,ACVF
Y,ACWI
Y,ACWV
Y,ACWX
Y,ACXP
Y,ADAG
Y,ADAP
Y,ADBE
Y,ADC
Y,ADCT
Y,ADD
Y,ADEA
Y,ADFI
Y,ADGM
Y,ADI
Y,ADIL
Y,ADIV
Y,ADM
Y,ADMA
Y,ADME
Y,ADN
Y,ADNT
Y,ADNWW
Y,ADP
Y,ADPT
Y,ADPV
Y,ADSE
Y,ADSEW
Y,ADSK
Y,ADT
Y,ADTN
Y,ADTX
Y,ADUR
Y,ADUS
Y,ADV
Y,ADVE
Y,ADVM
Y,ADVWW
Y,ADX
Y,ADXN
Y,AE
Y,AEE
Y,AEF
Y,AEFC
Y,AEG
Y,AEHL
Y,AEHR
Y,AEI
Y,AEIS
Y,AEM
Y,AEMD
Y,AENT
Y,AENTW
Y,AEO
Y,AEON
Y,AEP
Y,AER
Y,AERT
Y,AERTW
Y,AES
Y,AESI
Y,AESR
Y,AETH
Y,AEVA
Y,AEVA.W
Y,AEYE
Y,AFB
Y,AFBI
Y,AFCG
Y,AFG
Y,AFGB
Y,AFGC
Y,AFGD
Y,AFGE
Y,AFIF
Y,AFJK
Y,AFJKR
Y,AFJKU
Y,AFK
Y,AFL
Y,AFLG
Y,AFMC
Y,AFMD
Y,AFRI
Y,AFRIW
Y,AFRM
Y,AFSM
Y,AFYA
Y,AG
Y,AGAE
Y,AGCO
Y,AGD
Y,AGEN
Y,AGFY
Y,AGG
Y,AGGH
Y,AGGS
Y,AGGY
Y,AGI
Y,AGIH
Y,AGIO
Y,AGIX
Y,AGL
Y,AGM
Y,AGM.A
Y,AGMH
Y,AGMI
Y,AGNC
Y,AGNCL
Y,AGNCM
Y,AGNCN
Y,AGNCO
Y,AGNCP
Y,AGNG
Y,AGO
Y,AGOX
Y,AGQ
Y,AGQI
Y,AGR
Y,AGRH
Y,AGRI
Y,AGRO
Y,AGS
Y,AGX
Y,AGYS
Y,AGZ
Y,AGZD
Y,AHCO
Y,AHG
Y,AHH
Y,AHLT
Y,AHOY
Y,AHR
Y,AHT
Y,AHYB
Y,AI
Y,AIA
Y,AIBD
Y,AIBU
Y,AIEQ
Y,AIEV
Y,AIFD
Y,AIFF
Y,AIFU
Y,AIG
Y,AIHS
Y,AILE
Y,AILEW
Y,AIM
Y,AIMAU
Y,AIMAW
Y,AIMBU
Y,AIMD
Y,AIMDW
Y,AIN
Y,AIO
Y,AIOT
Y,AIP
Y,AIPI
Y,AIQ
Y,AIR
Y,AIRE
Y,AIRG
Y,AIRI
Y,AIRJ
Y,AIRJW
Y,AIRL
Y,AIRR
Y,AIRS
Y,AIRT
Y,AIRTP
Y,AISP
Y,AISPW
Y,AIT
Y,AITR
Y,AITRR
Y,AITRU
Y,AIV
Y,AIVC
Y,AIVI
Y,AIVL
Y,AIXI
Y,AIYY
Y,AIZ
Y,AIZN
Y,AJAN
Y,AJG
Y,AJUL
Y,AJX
Y,AKA
Y,AKAM
Y,AKAN
Y,AKBA
Y,AKO.A
Y,AKO.B
Y,AKR
Y,AKRO
Y,AKTS
Y,AKTX
Y,AKYA
Y,AL
Y,ALAB
Y,ALAI
Y,ALAR
Y,ALB
Y,ALBT
Y,ALC
Y,ALCE
Y,ALCO
Y,ALCY
Y,ALCYU
Y,ALCYW
Y,ALDFU
Y,ALDX
Y,ALE
Y,ALEC
Y,ALEX
Y,ALF
Y,ALFUU
Y,ALFUW
Y,ALG
Y,ALGM
Y,ALGN
Y,ALGS
Y,ALGT
Y,ALHC
Y,ALIT
Y,ALK
Y,ALKS
Y,ALKT
Y,ALL
Y,ALLE
Y,ALLK
Y,ALLO
Y,ALLR
Y,ALLT
Y,ALLY
Y,ALMS
Y,ALNT
Y,ALNY
Y,ALOT
Y,ALRM
Y,ALRN
Y,ALRS
Y,ALSA
Y,ALSAR
Y,ALSAU
Y,ALSAW
Y,ALSN
Y,ALT
Y,ALTG
Y,ALTI
Y,ALTL
Y,ALTM
Y,ALTO
Y,ALTR
Y,ALTS
Y,ALTY
Y,ALUR
Y,ALUR.W
Y,ALV
Y,ALVO
Y,ALVOW
Y,ALVR
Y,ALX
Y,ALXO
Y,ALZN
Y,AM
Y,AMAL
Y,AMAT
Y,AMAX
Y,AMBA
Y,AMBC
Y,AMBI
Y,AMBI.W
Y,AMBO
Y,AMBP
Y,AMBP.W
Y,AMC
Y,AMCR
Y,AMCX
Y,AMD
Y,AMDL
Y,AMDS
Y,AMDY
Y,AME
Y,AMED
Y,AMG
Y,AMGN
Y,AMH
Y,AMID
Y,AMIX
Y,AMJB
Y,AMKR
Y,AMLI
Y,AMLP
Y,AMLX
Y,AMN
Y,AMNA
Y,AMND
Y,AMOM
Y,AMP
Y,AMPD
Y,AMPG
Y,AMPGW
Y,AMPH
Y,AMPL
Y,AMPS
Y,AMPX
Y,AMPX.W
Y,AMPY
Y,AMR
Y,AMRC
Y,AMRK
Y,AMRN
Y,AMRX
Y,AMS
Y,AMSC
Y,AMSF
Y,AMST
Y,AMT
Y,AMTB
Y,AMTD
Y,AMTM
Y,AMTR
Y,AMTX
Y,AMUB
Y,AMWD
Y,AMWL
Y,AMX
Y,AMZA
Y,AMZD
Y,AMZN
Y,AMZP
Y,AMZU
Y,AMZY
Y,AMZZ
Y,AN
Y,ANAB
Y,ANDE
Y,ANEB
Y,ANET
Y,ANEW
Y,ANF
Y,ANGH
Y,ANGHW
Y,ANGI
Y,ANGL
Y,ANGO
Y,ANIK
Y,ANIP
Y,ANIX
Y,ANL
Y,ANNX
Y,ANRO
Y,ANSC
Y,ANSCU
Y,ANSCW
Y,ANSS
Y,ANTE
Y,ANTX
Y,ANVS
Y,ANY
Y,AOA
Y,AOCT
Y,AOD
Y,AOHY
Y,AOK
Y,AOM
Y,AOMN
Y,AOMR
Y,AON
Y,AOR
Y,AORT
Y,AOS
Y,AOSL
Y,AOTG
Y,AOUT
Y,AP
Y,AP.W
Y,APA
Y,APAM
Y,APCB
Y,APCX
Y,APCXW
Y,APD
Y,APDN
Y,APEI
Y,APG
Y,APGE
Y,APH
Y,API
Y,APIE
Y,APLD
Y,APLE
Y,APLM
Y,APLMW
Y,APLS
Y,APLT
Y,APLY
Y,APM
Y,APMU
Y,APO
Y,APOC
Y,APOG
Y,APOS
Y,APP
Y,APPF
Y,APPN
Y,APPS
Y,APRD
Y,APRE
Y,APRH
Y,APRJ
Y,APRP
Y,APRQ
Y,APRT
Y,APRW
Y,APRZ
Y,APT
Y,APTO
Y,APTV
Y,APUE
Y,APVO
Y,APWC
Y,APXI
Y,APYX
Y,AQB
Y,AQMS
Y,AQN
Y,AQNB
Y,AQST
Y,AQU
Y,AQUNR
Y,AQUNU
Y,AQWA
Y,AR
Y,ARAY
Y,ARB
Y,ARBB
Y,ARBE
Y,ARBEW
Y,ARBK
Y,ARBKL
Y,ARC
Y,ARCB
Y,ARCC
Y,ARCH
Y,ARCM
Y,ARCO
Y,ARCT
Y,ARDC
Y,ARDT
Y,ARDX
Y,ARE
Y,AREA
Y,AREB
Y,AREBW
Y,AREC
Y,AREN
Y,ARES
Y,ARGD
Y,ARGT
Y,ARGX
Y,ARHS
Y,ARI
Y,ARIS
Y,ARKA
Y,ARKB
Y,ARKC
Y,ARKD
Y,ARKF
Y,ARKG
Y,ARKK
Y,ARKO
Y,ARKOW
Y,ARKQ
Y,ARKR
Y,ARKW
Y,ARKX
Y,ARKY
Y,ARKZ
Y,ARL
Y,ARLO
Y,ARLP
Y,ARLU
Y,ARM
Y,ARMK
Y,ARMN
Y,ARMP
Y,AROC
Y,AROW
Y,ARP
Y,ARQ
Y,ARQQ
Y,ARQQW
Y,ARQT
Y,ARR
Y,ARRY
Y,ARTL
Y,ARTNA
Y,ARTV
Y,ARTW
Y,ARTY
Y,ARVN
Y,ARVR
Y,ARW
Y,ARWR
Y,AS
Y,ASA
Y,ASAI
Y,ASAN
Y,ASB
Y,ASBA
Y,ASC
Y,ASEA
Y,ASET
Y,ASG
Y,ASGI
Y,ASGN
Y,ASH
Y,ASHR
Y,ASHS
Y,ASIA
Y,ASIX
Y,ASLE
Y,ASM
Y,ASMB
Y,ASMF
Y,ASML
Y,ASND
Y,ASNS
Y,ASO
Y,ASPCU
Y,ASPI
Y,ASPN
Y,ASPS
Y,ASR
Y,ASRT
Y,ASRV
Y,ASST
Y,ASTC
Y,ASTE
Y,ASTH
Y,ASTI
Y,ASTL
Y,ASTLW
Y,ASTS
Y,ASUR
Y,ASX
Y,ASYS
Y,ATAI
Y,ATAT
Y,ATCH
Y,ATCOL
Y,ATEC
Y,ATEK
Y,ATEK.U
Y,ATEK.W
Y,ATEN
Y,ATER
Y,ATEST
Y,ATEST.A
Y,ATEST.B
Y,ATEST.C
Y,ATEX
Y,ATFV
Y,ATGE
Y,ATGL
Y,ATHA
Y,ATHE
Y,ATHM
Y,ATHS
Y,ATI
Y,ATIF
Y,ATIP
Y,ATKR
Y,ATLC
Y,ATLCL
Y,ATLCP
Y,ATLCZ
Y,ATLO
Y,ATLX
Y,ATMC
Y,ATMCR
Y,ATMCU
Y,ATMCW
Y,ATMP
Y,ATMU
Y,ATMV
Y,ATMVR
Y,ATMVU
Y,ATNF
Y,ATNFW
Y,ATNI
Y,ATNM
Y,ATO
Y,ATOM
Y,ATOS
Y,ATPC
Y,ATR
Y,ATRA
Y,ATRC
Y,ATRO
Y,ATS
Y,ATSG
Y,ATUS
Y,ATXG
Y,ATXI
Y,ATXS
Y,ATYR
Y,AU
Y,AUB
Y,AUBN
Y,AUDC
Y,AUGM
Y,AUGP
Y,AUGT
Y,AUGU
Y,AUGW
Y,AUGZ
Y,AUID
Y,AUMI
Y,AUMN
Y,AUNA
Y,AUPH
Y,AUR
Y,AURA
Y,AUROW
Y,AUSF
Y,AUST
Y,AUTL
Y,AUUD
Y,AUUDW
Y,AVA
Y,AVAH
Y,AVAL
Y,AVAV
Y,AVB
Y,AVBP
Y,AVD
Y,AVDE
Y,AVDL
Y,AVDS
Y,AVDV
Y,AVDX
Y,AVEE
Y,AVEM
Y,AVES
Y,AVGE
Y,AVGO
Y,AVGR
Y,AVGV
Y,AVGX
Y,AVIE
Y,AVIG
Y,AVIR
Y,AVIV
Y,AVK
Y,AVL
Y,AVLC
Y,AVLV
Y,AVMA
Y,AVMC
Y,AVMU
Y,AVMV
Y,AVNM
Y,AVNS
Y,AVNT
Y,AVNV
Y,AVNW
Y,AVO
Y,AVPT
Y,AVPTW
Y,AVRE
Y,AVS
Y,AVSC
Y,AVSD
Y,AVSE
Y,AVSF
Y,AVSU
Y,AVT
Y,AVTE
Y,AVTR
Y,AVTX
Y,AVUS
Y,AVUV
Y,AVXC
Y,AVXL
Y,AVY
Y,AWAY
Y,AWEG
Y,AWF
Y,AWH
Y,AWI
Y,AWK
Y,AWP
Y,AWR
Y,AWRE
Y,AWX
Y,AX
Y,AXDX
Y,AXGN
Y,AXIL
Y,AXL
Y,AXNX
Y,AXON
Y,AXP
Y,AXR
Y,AXS
Y,AXSM
Y,AXTA
Y,AXTI
Y,AY
Y,AYI
Y,AYRO
Y,AYTU
Y,AZ
Y,AZEK
Y,AZI
Y,AZN
Y,AZNH
Y,AZO
Y,AZPN
Y,AZTA
Y,AZTD
Y,AZTR
Y,AZUL
Y,AZZ
Y,B
Y,BA
Y,BAB
Y,BABA
Y,BABO
Y,BABX
Y,BAC
Y,BACK
Y,BACQU
Y,BAER
Y,BAERW
Y,BAFN
Y,BAH
Y,BAI
Y,BAK
Y,BALI
Y,BALL
Y,BALT
Y,BALY
Y,BAM
Y,BAMA
Y,BAMB
Y,BAMD
Y,BAMG
Y,BAMO
Y,BAMU
Y,BAMV
Y,BAMY
Y,BANC
Y,BAND
Y,BANF
Y,BANFP
Y,BANL
Y,BANR
Y,BANX
Y,BAOS
Y,BAP
Y,BAPR
Y,BAR
Y,BARK
Y,BARK.W
Y,BASE
Y,BATL
Y,BATRA
Y,BATRK
Y,BATT
Y,BAUG
Y,BAX
Y,BAYA
Y,BAYAR
Y,BAYAU
Y,BB
Y,BBAG
Y,BBAI
Y,BBAI.W
Y,BBAR
Y,BBAX
Y,BBBI
Y,BBBL
Y,BBBS
Y,BBC
Y,BBCA
Y,BBCB
Y,BBCP
Y,BBD
Y,BBDC
Y,BBDO
Y,BBEM
Y,BBEU
Y,BBGI
Y,BBH
Y,BBHY
Y,BBIB
Y,BBIN
Y,BBIO
Y,BBJP
Y,BBLB
Y,BBLG
Y,BBLGW
Y,BBLU
Y,BBMC
Y,BBN
Y,BBP
Y,BBRE
Y,BBSB
Y,BBSC
Y,BBSI
Y,BBU
Y,BBUC
Y,BBUS
Y,BBVA
Y,BBW
Y,BBWI
Y,BBY
Y,BC
Y,BCAB
Y,BCAL
Y,BCAN
Y,BCAT
Y,BCAX
Y,BCBP
Y,BCC
Y,BCD
Y,BCDA
Y,BCDF
Y,BCE
Y,BCG
Y,BCGWW
Y,BCH
Y,BCHP
Y,BCI
Y,BCIL
Y,BCIM
Y,BCLI
Y,BCML
Y,BCO
Y,BCOV
Y,BCOW
Y,BCPC
Y,BCRX
Y,BCS
Y,BCSF
Y,BCTX
Y,BCTXW
Y,BCUS
Y,BCV
Y,BCX
Y,BCYC
Y,BDC
Y,BDCX
Y,BDCZ
Y,BDEC
Y,BDGS
Y,BDIV
Y,BDJ
Y,BDL
Y,BDMD
Y,BDMDW
Y,BDN
Y,BDRX
Y,BDRY
Y,BDSX
Y,BDTX
Y,BDVG
Y,BDX
Y,BE
Y,BEAGU
Y,BEAM
Y,BEAT
Y,BEATW
Y,BECN
Y,BEDU
Y,BEDZ
Y,BEEM
Y,BEEP
Y,BEEZ
Y,BEKE
Y,BELFA
Y,BELFB
Y,BELT
Y,BEMB
Y,BEN
Y,BENF
Y,BENFW
Y,BEP
Y,BEPC
Y,BEPH
Y,BEPI
Y,BEPJ
Y,BERY
Y,BERZ
Y,BEST
Y,BETE
Y,BETH
Y,BETR
Y,BETRW
Y,BETZ
Y,BF.A
Y,BF.B
Y,BFAC
Y,BFAC.U
Y,BFAC.W
Y,BFAM
Y,BFC
Y,BFEB
Y,BFH
Y,BFIN
Y,BFIX
Y,BFK
Y,BFLY
Y,BFLY.W
Y,BFOR
Y,BFRG
Y,BFRGW
Y,BFRI
Y,BFRIW
Y,BFS
Y,BFST
Y,BFZ
Y,BG
Y,BGB
Y,BGC
Y,BGFV
Y,BGH
Y,BGI
Y,BGIG
Y,BGLC
Y,BGLD
Y,BGM
Y,BGNE
Y,BGR
Y,BGRN
Y,BGRO
Y,BGS
Y,BGSF
Y,BGT
Y,BGX
Y,BGY
Y,BH
Y,BH.A
Y,BHAT
Y,BHB
Y,BHC
Y,BHE
Y,BHF
Y,BHFAL
Y,BHFAM
Y,BHFAN
Y,BHFAO
Y,BHFAP
Y,BHIL
Y,BHK
Y,BHLB
Y,BHM
Y,BHP
Y,BHR
Y,BHRB
Y,BHST
Y,BHV
Y,BHVN
Y,BHYB
Y,BIAF
Y,BIAFW
Y,BIB
Y,BIBL
Y,BIDU
Y,BIGC
Y,BIGZ
Y,BIIB
Y,BIL
Y,BILD
Y,BILI
Y,BILL
Y,BILS
Y,BILZ
Y,BINC
Y,BINV
Y,BIO
Y,BIO.B
Y,BIOA
Y,BIOR
Y,BIOX
Y,BIP
Y,BIPC
Y,BIPH
Y,BIPI
Y,BIPJ
Y,BIRD
Y,BIRK
Y,BIS
Y,BIT
Y,BITB
Y,BITC
Y,BITF
Y,BITI
Y,BITO
Y,BITQ
Y,BITS
Y,BITU
Y,BITX
Y,BIV
Y,BIVI
Y,BIZD
Y,BJ
Y,BJAN
Y,BJDX
Y,BJK
Y,BJRI
Y,BJUL
Y,BJUN
Y,BK
Y,BKAG
Y,BKCH
Y,BKCI
Y,BKD
Y,BKDT
Y,BKDV
Y,BKE
Y,BKEM
Y,BKF
Y,BKGI
Y,BKH
Y,BKHA
Y,BKHAR
Y,BKHAU
Y,BKHY
Y,BKIE
Y,BKIV
Y,BKKT
Y,BKKT.W
Y,BKLC
Y,BKLN
Y,BKMC
Y,BKN
Y,BKNG
Y,BKR
Y,BKSE
Y,BKSY
Y,BKSY.W
Y,BKT
Y,BKTI
Y,BKU
Y,BKUI
Y,BKV
Y,BKWO
Y,BKYI
Y,BL
Y,BLAC
Y,BLACR
Y,BLACU
Y,BLACW
Y,BLBD
Y,BLBX
Y,BLCN
Y,BLCO
Y,BLCR
Y,BLCV
Y,BLD
Y,BLDE
Y,BLDEW
Y,BLDG
Y,BLDP
Y,BLDR
Y,BLE
Y,BLES
Y,BLEU
Y,BLEUR
Y,BLEUU
Y,BLEUW
Y,BLFS
Y,BLFY
Y,BLIN
Y,BLK
Y,BLKB
Y,BLKC
Y,BLLD
Y,BLMN
Y,BLMZ
Y,BLND
Y,BLNK
Y,BLOK
Y,BLRX
Y,BLTE
Y,BLUE
Y,BLV
Y,BLW
Y,BLX
Y,BLZE
Y,BMA
Y,BMAR
Y,BMAY
Y,BMBL
Y,BMDL
Y,BME
Y,BMEA
Y,BMED
Y,BMEZ
Y,BMI
Y,BMN
Y,BMO
Y,BMR
Y,BMRA
Y,BMRC
Y,BMRN
Y,BMTX
Y,BMTX.W
Y,BMVP
Y,BMY
Y,BN
Y,BNAI
Y,BNAIW
Y,BND
Y,BNDC
Y,BNDD
Y,BNDI
Y,BNDW
Y,BNDX
Y,BNED
Y,BNGE
Y,BNGO
Y,BNH
Y,BNIX
Y,BNIXR
Y,BNIXW
Y,BNJ
Y,BNL
Y,BNO
Y,BNOV
Y,BNOX
Y,BNR
Y,BNRG
Y,BNS
Y,BNT
Y,BNTC
Y,BNTX
Y,BNY
Y,BNZI
Y,BNZIW
Y,BOAT
Y,BOC
Y,BOCN
Y,BOCNU
Y,BOCNW
Y,BOCT
Y,BODI
Y,BOE
Y,BOF
Y,BOH
Y,BOIL
Y,BOKF
Y,BOLD
Y,BOLT
Y,BON
Y,BOND
Y,BOOM
Y,BOOT
Y,BORR
Y,BOSC
Y,BOTJ
Y,BOTT
Y,BOTZ
Y,BOUT
Y,BOW
Y,BOWL
Y,BOWN
Y,BOWNR
Y,BOWNU
Y,BOX
Y,BOXL
Y,BOXX
Y,BP
Y,BPAY
Y,BPMC
Y,BPOP
Y,BPOPM
Y,BPRN
Y,BPT
Y,BPTH
Y,BPYPM
Y,BPYPN
Y,BPYPO
Y,BPYPP
Y,BQ
Y,BR
Y,BRAC
Y,BRACR
Y,BRACU
Y,BRAG
Y,BRAZ
Y,BRBR
Y,BRBS
Y,BRC
Y,BRCC
Y,BRDG
Y,BREA
Y,BRF
Y,BRFH
Y,BRFS
Y,BRHY
Y,BRID
N,BRK.A
Y,BRK.B
Y,BRKH
Y,BRKHU
Y,BRKHW
Y,BRKL
Y,BRKR
Y,BRLN
Y,BRLS
Y,BRLSW
Y,BRLT
Y,BRN
Y,BRNS
Y,BRNY
Y,BRO
Y,BROG
Y,BROGW
Y,BROS
Y,BRRR
Y,BRSP
Y,BRT
Y,BRTR
Y,BRTX
Y,BRW
Y,BRX
Y,BRY
Y,BRZE
Y,BRZU
Y,BSAC
Y,BSBK
Y,BSBR
Y,BSCO
Y,BSCP
Y,BSCQ
Y,BSCR
Y,BSCS
Y,BSCT
Y,BSCU
Y,BSCV
Y,BSCW
Y,BSCX
Y,BSCY
Y,BSEP
Y,BSET
Y,BSFC
Y,BSGM
Y,BSIG
Y,BSII
Y,BSIIU
Y,BSIIW
Y,BSJO
Y,BSJP
Y,BSJQ
Y,BSJR
Y,BSJS
Y,BSJT
Y,BSJU
Y,BSJV
Y,BSJW
Y,BSL
Y,BSLK
Y,BSLKW
Y,BSM
Y,BSMC
Y,BSMO
Y,BSMP
Y,BSMQ
Y,BSMR
Y,BSMS
Y,BSMT
Y,BSMU
Y,BSMV
Y,BSMW
Y,BSMY
Y,BSR
Y,BSRR
Y,BSSX
Y,BST
Y,BSTP
Y,BSTZ
Y,BSV
Y,BSVN
Y,BSVO
Y,BSX
Y,BSY
Y,BTA
Y,BTAI
Y,BTAL
Y,BTBD
Y,BTBDW
Y,BTBT
Y,BTC
Y,BTCI
Y,BTCL
Y,BTCM
Y,BTCO
Y,BTCS
Y,BTCT
Y,BTCTW
Y,BTCW
Y,BTCZ
Y,BTDR
Y,BTE
Y,BTF
Y,BTFX
Y,BTG
Y,BTGD
Y,BTI
Y,BTM
Y,BTMD
Y,BTMWW
Y,BTO
Y,BTOC
Y,BTOG
Y,BTOP
Y,BTR
Y,BTRN
Y,BTSG
Y,BTSGU
Y,BTT
Y,BTTR
Y,BTU
Y,BTZ
Y,BUCK
Y,BUD
Y,BUFB
Y,BUFC
Y,BUFD
Y,BUFF
Y,BUFG
Y,BUFP
Y,BUFQ
Y,BUFR
Y,BUFS
Y,BUFT
Y,BUFY
Y,BUFZ
Y,BUG
Y,BUI
Y,BUJA
Y,BUJAR
Y,BUJAU
Y,BUJAW
Y,BUL
Y,BULD
Y,BULZ
Y,BUR
Y,BURL
Y,BURU
Y,BUSA
Y,BUSE
Y,BUXX
Y,BUYO
Y,BUYW
Y,BUYZ
Y,BUZZ
Y,BV
Y,BVFL
Y,BVN
Y,BVS
Y,BW
Y,BWA
Y,BWAY
Y,BWB
Y,BWBBP
Y,BWEB
Y,BWEN
Y,BWET
Y,BWFG
Y,BWG
Y,BWIN
Y,BWLP
Y,BWMN
Y,BWMX
Y,BWNB
Y,BWSN
Y,BWTG
Y,BWX
Y,BWXT
Y,BWZ
Y,BX
Y,BXC
Y,BXMT
Y,BXMX
Y,BXP
Y,BXSL
Y,BY
Y,BYD
Y,BYFC
Y,BYLD
Y,BYM
Y,BYND
Y,BYNO
Y,BYNOU
Y,BYNOW
Y,BYON
Y,BYRE
Y,BYRN
Y,BYSI
Y,BYU
Y,BZ
Y,BZFD
Y,BZFDW
Y,BZH
Y,BZQ
Y,BZUN
Y,C
Y,CA
Y,CAAA
Y,CAAP
Y,CAAS
Y,CABA
Y,CABO
Y,CAC
Y,CACC
Y,CACI
Y,CADE
Y,CADL
Y,CAE
Y,CAF
Y,CAFG
Y,CAFX
Y,CAG
Y,CAH
Y,CAKE
Y,CAL
Y,CALC
Y,CALF
Y,CALI
Y,CALM
Y,CALX
Y,CAML
Y,CAMP
Y,CAMT
Y,CAMX
Y,CAN
Y,CANC
Y,CANE
Y,CANF
Y,CANG
Y,CANQ
Y,CAOS
Y,CAPE
Y,CAPL
Y,CAPN
Y,CAPNR
Y,CAPNU
Y,CAPR
Y,CAPT
Y,CAPTW
Y,CAR
Y,CARA
Y,CARD
Y,CARE
Y,CARG
Y,CARK
Y,CARM
Y,CARR
Y,CARS
Y,CART
Y,CARU
Y,CARV
Y,CARY
Y,CARZ
Y,CASH
Y,CASI
Y,CASS
Y,CASY
Y,CAT
Y,CATF
Y,CATH
Y,CATO
Y,CATX
Y,CATY
Y,CAVA
Y,CB
Y,CBAN
Y,CBAT
Y,CBFV
Y,CBL
Y,CBLL
Y,CBLS
Y,CBNA
Y,CBNK
Y,CBO
Y,CBOE
Y,CBON
Y,CBRE
Y,CBRG
Y,CBRGU
Y,CBRL
Y,CBSE
Y,CBSH
Y,CBT
Y,CBU
Y,CBUS
Y,CBX
Y,CBZ
Y,CC
Y,CCAP
Y,CCB
Y,CCBG
Y,CCCC
Y,CCCS
Y,CCD
Y,CCEC
Y,CCEF
Y,CCEL
Y,CCEP
Y,CCG
Y,CCGWW
Y,CCI
Y,CCIA
Y,CCIF
Y,CCIRU
Y,CCIX
Y,CCIXU
Y,CCIXW
Y,CCJ
Y,CCK
Y,CCL
Y,CCLD
Y,CCLDO
Y,CCLDP
Y,CCM
Y,CCMG
Y,CCNE
Y,CCNEP
Y,CCNR
Y,CCO
Y,CCOI
Y,CCOR
Y,CCRD
Y,CCRN
Y,CCRV
Y,CCS
Y,CCSB
Y,CCSI
Y,CCSO
Y,CCTG
Y,CCU
Y,CCZ
Y,CDC
Y,CDE
Y,CDEI
Y,CDIO
Y,CDIOW
Y,CDL
Y,CDLR
Y,CDLX
Y,CDMO
Y,CDNA
Y,CDNS
Y,CDP
Y,CDRE
Y,CDRO
Y,CDROW
Y,CDT
Y,CDTG
Y,CDTTW
Y,CDTX
Y,CDW
Y,CDX
Y,CDXC
Y,CDXS
Y,CDZI
Y,CDZIP
Y,CE
Y,CEAD
Y,CEADW
Y,CECO
Y,CEE
Y,CEF
Y,CEFA
Y,CEFD
Y,CEFS
Y,CEG
Y,CEIX
Y,CELC
Y,CELG.R
Y,CELH
Y,CELU
Y,CELUW
Y,CELZ
Y,CEMB
Y,CENN
Y,CENT
Y,CENTA
Y,CENX
Y,CEP
Y,CEPU
Y,CERO
Y,CEROW
Y,CERS
Y,CERT
Y,CERY
Y,CET
Y,CETH
Y,CETX
Y,CETY
Y,CEV
Y,CEVA
Y,CEW
Y,CF
Y,CFA
Y,CFB
Y,CFBK
Y,CFFI
Y,CFFN
Y,CFFS
Y,CFFSU
Y,CFFSW
Y,CFG
Y,CFLT
Y,CFO
Y,CFR
Y,CFSB
Y,CG
Y,CGA
Y,CGABL
Y,CGAU
Y,CGBD
Y,CGBDL
Y,CGBL
Y,CGBS
Y,CGBSW
Y,CGC
Y,CGCB
Y,CGCP
Y,CGCV
Y,CGDG
Y,CGDV
Y,CGEM
Y,CGEN
Y,CGGE
Y,CGGO
Y,CGGR
Y,CGHM
Y,CGIB
Y,CGIC
Y,CGIE
Y,CGMS
Y,CGMU
Y,CGNG
Y,CGNT
Y,CGNX
Y,CGO
Y,CGON
Y,CGRO
Y,CGSD
Y,CGSM
Y,CGTX
Y,CGUI
Y,CGUS
Y,CGV
Y,CGW
Y,CGXU
Y,CHARU
Y,CHAT
Y,CHAU
Y,CHCI
Y,CHCO
Y,CHCT
Y,CHD
Y,CHDN
Y,CHE
Y,CHEB
Y,CHEB.U
Y,CHEB.W
Y,CHEF
Y,CHEK
Y,CHGG
Y,CHGX
Y,CHH
Y,CHI
Y,CHIQ
Y,CHKP
Y,CHMG
Y,CHMI
Y,CHN
Y,CHNR
Y,CHPS
Y,CHPT
Y,CHR
Y,CHRD
Y,CHRO
Y,CHRS
Y,CHRW
Y,CHSCL
Y,CHSCM
Y,CHSCN
Y,CHSCO
Y,CHSCP
Y,CHSN
Y,CHT
Y,CHTR
Y,CHW
Y,CHWY
Y,CHX
Y,CHY
Y,CI
Y,CIA
Y,CIB
Y,CIBR
Y,CICB
Y,CIEN
Y,CIF
Y,CIFR
Y,CIFRW
Y,CIG
Y,CIG.C
Y,CIGI
Y,CII
Y,CIK
Y,CIL
Y,CIM
Y,CIMN
Y,CIMO
Y,CINF
Y,CING
Y,CINGW
Y,CINT
Y,CIO
Y,CION
Y,CISO
Y,CISS
Y,CITE
Y,CITEU
Y,CITEW
Y,CIVB
Y,CIVI
Y,CIX
Y,CJET
Y,CJJD
Y,CKPT
Y,CKX
Y,CL
Y,CLAR
Y,CLB
Y,CLBK
Y,CLBR
Y,CLBR.U
Y,CLBR.W
Y,CLBT
Y,CLCO
Y,CLDI
Y,CLDL
Y,CLDT
Y,CLDX
Y,CLEU
Y,CLF
Y,CLFD
Y,CLGN
Y,CLH
Y,CLIK
Y,CLIP
Y,CLIR
Y,CLIX
Y,CLLS
Y,CLM
Y,CLMB
Y,CLMT
Y,CLNE
Y,CLNN
Y,CLNNW
Y,CLNR
Y,CLOA
Y,CLOB
Y,CLOD
Y,CLOI
Y,CLOU
Y,CLOV
Y,CLOX
Y,CLOZ
Y,CLPR
Y,CLPS
Y,CLPT
Y,CLRB
Y,CLRC
Y,CLRCR
Y,CLRCU
Y,CLRCW
Y,CLRO
Y,CLS
Y,CLSD
Y,CLSE
Y,CLSK
Y,CLSKW
Y,CLSM
Y,CLST
Y,CLVT
Y,CLW
Y,CLWT
Y,CLX
Y,CLYM
Y,CM
Y,CMA
Y,CMAX
Y,CMAXW
Y,CMBM
Y,CMBS
Y,CMBT
Y,CMC
Y,CMCI
Y,CMCL
Y,CMCM
Y,CMCO
Y,CMCSA
Y,CMCT
Y,CMDT
Y,CMDY
Y,CME
Y,CMF
Y,CMG
Y,CMI
Y,CMLS
Y,CMMB
Y,CMND
Y,CMP
Y,CMPO
Y,CMPOW
Y,CMPR
Y,CMPS
Y,CMPX
Y,CMRE
Y,CMRX
Y,CMS
Y,CMSA
Y,CMSC
Y,CMSD
Y,CMT
Y,CMTG
Y,CMTL
Y,CMU
Y,CNA
Y,CNAV
Y,CNBS
Y,CNC
Y,CNCR
Y,CNDT
Y,CNEQ
Y,CNET
Y,CNEY
Y,CNF
Y,CNFR
Y,CNFRZ
Y,CNH
Y,CNI
Y,CNK
Y,CNL
Y,CNM
Y,CNMD
Y,CNNE
Y,CNO
Y,CNOB
Y,CNOBP
Y,CNP
Y,CNQ
Y,CNRG
Y,CNS
Y,CNSL
Y,CNSP
Y,CNTA
Y,CNTB
Y,CNTM
Y,CNTX
Y,CNTY
Y,CNVS
Y,CNX
Y,CNXC
Y,CNXN
Y,CNXT
Y,CNYA
Y,COAL
Y,COCH
Y,COCHW
Y,COCO
Y,COCP
Y,CODA
Y,CODI
Y,CODX
Y,COE
Y,COEP
Y,COEPW
Y,COF
Y,COFS
Y,COGT
Y,COHN
Y,COHR
Y,COHU
Y,COIN
Y,COKE
Y,COLB
Y,COLD
Y,COLL
Y,COLM
Y,COM
Y,COMB
Y,COMM
Y,COMP
Y,COMT
Y,CON
Y,CONI
Y,CONL
Y,CONY
Y,COO
Y,COOK
Y,COOP
Y,COOT
Y,COOTW
Y,COP
Y,COPA
Y,COPJ
Y,COPP
Y,COPX
Y,COR
Y,CORN
Y,CORP
Y,CORT
Y,CORZ
Y,CORZW
Y,CORZZ
Y,COSM
Y,COST
Y,COTY
Y,COUR
Y,COWG
Y,COWS
Y,COWZ
Y,COYA
Y,CP
Y,CPA
Y,CPAC
Y,CPAI
Y,CPAY
Y,CPB
Y,CPBI
Y,CPER
Y,CPF
Y,CPHC
Y,CPHI
Y,CPII
Y,CPIX
Y,CPK
Y,CPLS
Y,CPNG
Y,CPNJ
Y,CPNS
Y,CPOP
Y,CPRI
Y,CPRJ
Y,CPRO
Y,CPRT
Y,CPRX
Y,CPS
Y,CPSA
Y,CPSH
Y,CPSJ
Y,CPSL
Y,CPSM
Y,CPSN
Y,CPSO
Y,CPSS
Y,CPST
Y,CPT
Y,CPTN
Y,CPTNW
Y,CPZ
Y,CQP
Y,CQQQ
Y,CR
Y,CRAI
Y,CRAK
Y,CRBG
Y,CRBN
Y,CRBP
Y,CRBU
Y,CRC
Y,CRCT
Y,CRD.A
Y,CRD.B
Y,CRDF
Y,CRDL
Y,CRDO
Y,CRDT
Y,CRED
Y,CREG
Y,CRESW
Y,CRESY
Y,CREV
Y,CREVW
Y,CREX
Y,CRF
Y,CRGO
Y,CRGOW
Y,CRGX
Y,CRGY
Y,CRH
Y,CRI
Y,CRIS
Y,CRIT
Y,CRK
Y,CRKN
Y,CRL
Y,CRM
Y,CRMD
Y,CRML
Y,CRMLW
Y,CRMT
Y,CRNC
Y,CRNT
Y,CRNX
Y,CRON
Y,CROX
Y,CRPT
Y,CRS
Y,CRSH
Y,CRSP
Y,CRSR
Y,CRT
Y,CRTC
Y,CRTO
Y,CRUS
Y,CRUZ
Y,CRVL
Y,CRVO
Y,CRVS
Y,CRWD
Y,CRWL
Y,CRWS
Y,CSA
Y,CSAN
Y,CSB
Y,CSBR
Y,CSCI
Y,CSCO
Y,CSD
Y,CSF
Y,CSGP
Y,CSGS
Y,CSHI
Y,CSHP
Y,CSIQ
Y,CSL
Y,CSLM
Y,CSLMR
Y,CSLMU
Y,CSLMW
Y,CSLR
Y,CSLRW
Y,CSM
Y,CSMD
Y,CSPI
Y,CSQ
Y,CSR
Y,CSTE
Y,CSTL
Y,CSTM
Y,CSV
Y,CSWC
Y,CSWCZ
Y,CSWI
Y,CSX
Y,CTA
Y,CTAS
Y,CTBB
Y,CTBI
Y,CTCX
Y,CTCXW
Y,CTDD
Y,CTEC
Y,CTEST
Y,CTEST.E
Y,CTEST.G
Y,CTEST.L
Y,CTEST.O
Y,CTEST.S
Y,CTEST.V
Y,CTEX
Y,CTGO
Y,CTHR
Y,CTKB
Y,CTLP
Y,CTLT
Y,CTM
Y,CTMX
Y,CTNM
Y,CTNT
Y,CTO
Y,CTOR
Y,CTOS
Y,CTRA
Y,CTRE
Y,CTRI
Y,CTRM
Y,CTRN
Y,CTS
Y,CTSH
Y,CTSO
Y,CTV
Y,CTV.W
Y,CTVA
Y,CTXR
Y,CUB
Y,CUBA
Y,CUBB
Y,CUBE
Y,CUBI
Y,CUBWU
Y,CUBWW
Y,CUE
Y,CUK
Y,CULP
Y,CURB
Y,CURE
Y,CURI
Y,CURIW
Y,CURR
Y,CURV
Y,CUT
Y,CUTR
Y,CUZ
Y,CVAC
Y,CVAR
Y,CVBF
Y,CVCO
Y,CVE
Y,CVE.W
Y,CVEO
Y,CVGI
Y,CVGW
Y,CVI
Y,CVIE
Y,CVKD
Y,CVLC
Y,CVLG
Y,CVLT
Y,CVM
Y,CVMC
Y,CVNA
Y,CVR
Y,CVRD
Y,CVRT
Y,CVRX
Y,CVS
Y,CVSB
Y,CVSE
Y,CVU
Y,CVV
Y,CVX
Y,CVY
Y,CW
Y,CWAN
Y,CWB
Y,CWBC
Y,CWCO
Y,CWD
Y,CWEB
Y,CWEN
Y,CWEN.A
Y,CWH
Y,CWI
Y,CWK
Y,CWS
Y,CWST
Y,CWT
Y,CX
Y,CXAI
Y,CXAIW
Y,CXDO
Y,CXE
Y,CXH
Y,CXM
Y,CXSE
Y,CXT
Y,CXW
Y,CYBN
Y,CYBR
Y,CYCC
Y,CYCCP
Y,CYCN
Y,CYD
Y,CYH
Y,CYN
Y,CYRX
Y,CYTH
Y,CYTHW
Y,CYTK
Y,CYTO
Y,CZA
Y,CZAR
Y,CZFS
Y,CZNC
Y,CZR
Y,CZWI
Y,D
Y,DAC
Y,DADA
Y,DAIO
Y,DAKT
Y,DAL
Y,DALI
Y,DALN
Y,DAN
Y,DAO
Y,DAPP
Y,DAPR
Y,DAR
Y,DARE
Y,DARP
Y,DASH
Y,DAT
Y,DATS
Y,DATSW
Y,DAUG
Y,DAVA
Y,DAVE
Y,DAVEW
Y,DAWN
Y,DAX
Y,DAY
Y,DB
Y,DBA
Y,DBAW
Y,DBB
Y,DBC
Y,DBD
Y,DBE
Y,DBEF
Y,DBEM
Y,DBEU
Y,DBEZ
Y,DBGI
Y,DBGIW
Y,DBI
Y,DBJP
Y,DBL
Y,DBMF
Y,DBND
Y,DBO
Y,DBP
Y,DBRG
Y,DBVT
Y,DBX
Y,DC
Y,DC.W
Y,DCAP
Y,DCBO
Y,DCF
Y,DCGO
Y,DCI
Y,DCMT
Y,DCO
Y,DCOM
Y,DCOMG
Y,DCOMP
Y,DCOR
Y,DCRE
Y,DCTH
Y,DD
Y,DDC
Y,DDD
Y,DDEC
Y,DDI
Y,DDIV
Y,DDL
Y,DDLS
Y,DDM
Y,DDOG
Y,DDS
Y,DDT
Y,DDWM
Y,DE
Y,DEA
Y,DEC
Y,DECA
Y,DECAU
Y,DECAW
Y,DECK
Y,DECO
Y,DECP
Y,DECT
Y,DECW
Y,DECZ
Y,DEED
Y,DEEF
Y,DEEP
Y,DEFI
Y,DEHP
Y,DEI
Y,DELL
Y,DEM
Y,DEMZ
Y,DENN
Y,DEO
Y,DERM
Y,DES
Y,DESK
Y,DESP
Y,DEUS
Y,DEVS
Y,DEW
Y,DEXC
Y,DFAC
Y,DFAE
Y,DFAI
Y,DFAR
Y,DFAS
Y,DFAT
Y,DFAU
Y,DFAW
Y,DFAX
Y,DFCA
Y,DFCF
Y,DFE
Y,DFEB
Y,DFEM
Y,DFEN
Y,DFEV
Y,DFGP
Y,DFGR
Y,DFGX
Y,DFH
Y,DFHY
Y,DFIC
Y,DFIN
Y,DFIP
Y,DFIS
Y,DFIV
Y,DFJ
Y,DFLI
Y,DFLIW
Y,DFLV
Y,DFND
Y,DFNL
Y,DFNM
Y,DFNV
Y,DFP
Y,DFRA
Y,DFS
Y,DFSB
Y,DFSD
Y,DFSE
Y,DFSI
Y,DFSU
Y,DFSV
Y,DFUS
Y,DFUV
Y,DFVE
Y,DFVX
Y,DG
Y,DGCB
Y,DGHI
Y,DGICA
Y,DGICB
Y,DGII
Y,DGIN
Y,DGLY
Y,DGP
Y,DGRE
Y,DGRO
Y,DGRS
Y,DGRW
Y,DGS
Y,DGT
Y,DGX
Y,DGZ
Y,DH
Y,DHAI
Y,DHAIW
Y,DHC
Y,DHCNI
Y,DHCNL
Y,DHDG
Y,DHF
Y,DHI
Y,DHIL
Y,DHR
Y,DHS
Y,DHT
Y,DHX
Y,DHY
Y,DIA
Y,DIAL
Y,DIAX
Y,DIBS
Y,DIEM
Y,DIG
Y,DIHP
Y,DIM
Y,DIN
Y,DINO
Y,DINT
Y,DIOD
Y,DIPS
Y,DIS
Y,DISO
Y,DIST
Y,DISTR
Y,DISTW
Y,DISV
Y,DIT
Y,DIV
Y,DIVB
Y,DIVD
Y,DIVG
Y,DIVI
Y,DIVL
Y,DIVO
Y,DIVP
Y,DIVS
Y,DIVY
Y,DIVZ
Y,DJAN
Y,DJCB
Y,DJCO
Y,DJD
Y,DJIA
Y,DJP
Y,DJT
Y,DJTWW
Y,DJUL
Y,DJUN
Y,DK
Y,DKL
Y,DKNG
Y,DKS
Y,DLB
Y,DLHC
Y,DLN
Y,DLNG
Y,DLO
Y,DLPN
Y,DLR
Y,DLS
Y,DLTH
Y,DLTR
Y,DLX
Y,DLY
Y,DM
Y,DMA
Y,DMAC
Y,DMAR
Y,DMAT
Y,DMAY
Y,DMB
Y,DMBS
Y,DMCY
Y,DMF
Y,DMLP
Y,DMO
Y,DMRC
Y,DMXF
Y,DMYY
Y,DMYY.U
Y,DMYY.W
Y,DNA
Y,DNB
Y,DNL
Y,DNLI
Y,DNMR
Y,DNN
Y,DNOV
Y,DNOW
Y,DNP
Y,DNTH
Y,DNUT
Y,DOC
Y,DOCN
Y,DOCS
Y,DOCT
Y,DOCU
Y,DOG
Y,DOGG
Y,DOGZ
Y,DOL
Y,DOLE
Y,DOMH
Y,DOMO
Y,DON
Y,DOOO
Y,DORM
Y,DOUG
Y,DOV
Y,DOW
Y,DOX
Y,DOYU
Y,DPCS
Y,DPCSU
Y,DPCSW
Y,DPG
Y,DPRO
Y,DPST
Y,DPZ
Y,DQ
Y,DRAG
Y,DRAI
Y,DRCT
Y,DRD
Y,DRH
Y,DRI
Y,DRIO
Y,DRIP
Y,DRIV
Y,DRLL
Y,DRMA
Y,DRMAW
Y,DRN
Y,DRRX
Y,DRS
Y,DRSK
Y,DRTS
Y,DRTSW
Y,DRUG
Y,DRUP
Y,DRV
Y,DRVN
Y,DSCF
Y,DSEP
Y,DSGN
Y,DSGR
Y,DSGX
Y,DSI
Y,DSL
Y,DSM
Y,DSMC
Y,DSP
Y,DSS
Y,DSTL
Y,DSTX
Y,DSU
Y,DSWL
Y,DSX
Y,DSX.W
Y,DSY
Y,DSYWW
Y,DT
Y,DTAN
Y,DTB
Y,DTC
Y,DTCK
Y,DTCR
Y,DTD
Y,DTE
Y,DTEC
Y,DTF
Y,DTG
Y,DTH
Y,DTI
Y,DTIL
Y,DTM
Y,DTRE
Y,DTSQ
Y,DTSQR
Y,DTSQU
Y,DTSS
Y,DTST
Y,DTSTW
Y,DTW
Y,DUBS
Y,DUET
Y,DUETU
Y,DUETW
Y,DUG
Y,DUHP
Y,DUK
Y,DUKB
Y,DUKH
Y,DUKQ
Y,DUKX
Y,DUKZ
Y,DULL
Y,DUO
Y,DUOL
Y,DUOT
Y,DURA
Y,DUSA
Y,DUSB
Y,DUSL
Y,DUST
Y,DV
Y,DVA
Y,DVAL
Y,DVAX
Y,DVDN
Y,DVLU
Y,DVN
Y,DVND
Y,DVOL
Y,DVY
Y,DVYA
Y,DVYE
Y,DWAS
Y,DWAT
Y,DWAW
Y,DWCR
Y,DWLD
Y,DWM
Y,DWMF
Y,DWSH
Y,DWSN
Y,DWTX
Y,DWUS
Y,DWX
Y,DX
Y,DXC
Y,DXCM
Y,DXD
Y,DXIV
Y,DXJ
Y,DXJS
Y,DXLG
Y,DXPE
Y,DXR
Y,DXUV
Y,DXYZ
Y,DY
Y,DYAI
Y,DYCQ
Y,DYCQR
Y,DYCQU
Y,DYFI
Y,DYLD
Y,DYLG
Y,DYN
Y,DYNF
Y,DYNI
Y,DYTA
Y,DZZ
Y,E
Y,EA
Y,EAD
Y,EAF
Y,EAFG
Y,EAGG
Y,EAGL
Y,EAI
Y,EALT
Y,EAOA
Y,EAOK
Y,EAOM
Y,EAOR
Y,EAPR
Y,EARN
Y,EASG
Y,EAST
Y,EAT
Y,EATV
Y,EATZ
Y,EB
Y,EBAY
Y,EBC
Y,EBF
Y,EBIT
Y,EBIZ
Y,EBMT
Y,EBND
Y,EBON
Y,EBR
Y,EBR.B
Y,EBS
Y,EBTC
Y,EBUF
Y,EC
Y,ECAT
Y,ECBK
Y,ECC
Y,ECCC
Y,ECCF
Y,ECCV
Y,ECCW
Y,ECCX
Y,ECDA
Y,ECDAW
Y,ECF
Y,ECG
Y,ECH
Y,ECL
Y,ECLN
Y,ECML
Y,ECNS
Y,ECO
Y,ECON
Y,ECOR
Y,ECOW
Y,ECPG
Y,ECVT
Y,ECX
Y,ECXWW
Y,ED
Y,EDAP
Y,EDBL
Y,EDBLW
Y,EDC
Y,EDD
Y,EDEN
Y,EDF
Y,EDGF
Y,EDGH
Y,EDGI
Y,EDGU
Y,EDIT
Y,EDIV
Y,EDN
Y,EDOC
Y,EDOG
Y,EDOW
Y,EDR
Y,EDRY
Y,EDSA
Y,EDTK
Y,EDU
Y,EDUC
Y,EDV
Y,EDZ
Y,EE
Y,EEA
Y,EEFT
Y,EEIQ
Y,EELV
Y,EEM
Y,EEMA
Y,EEMO
Y,EEMS
Y,EEMV
Y,EEMX
Y,EES
Y,EET
Y,EETH
Y,EEV
Y,EEX
Y,EFA
Y,EFAA
Y,EFAD
Y,EFAS
Y,EFAV
Y,EFAX
Y,EFC
Y,EFG
Y,EFIV
Y,EFIX
Y,EFNL
Y,EFO
Y,EFOI
Y,EFR
Y,EFRA
Y,EFSC
Y,EFSCP
Y,EFSH
Y,EFT
Y,EFU
Y,EFV
Y,EFX
Y,EFXT
Y,EFZ
Y,EG
Y,EGAN
Y,EGBN
Y,EGF
Y,EGHT
Y,EGO
Y,EGP
Y,EGUS
Y,EGY
Y,EH
Y,EHAB
Y,EHC
Y,EHGO
Y,EHI
Y,EHLS
Y,EHTH
Y,EIC
Y,EICA
Y,EICB
Y,EICC
Y,EIDO
Y,EIG
Y,EIIA
Y,EIM
Y,EINC
Y,EIPI
Y,EIPX
Y,EIRL
Y,EIS
Y,EIX
Y,EJAN
Y,EJH
Y,EJUL
Y,EKG
Y,EKSO
Y,EL
Y,ELA
Y,ELAB
Y,ELAN
Y,ELBM
Y,ELC
Y,ELCV
Y,ELD
Y,ELDN
Y,ELEV
Y,ELF
Y,ELLO
Y,ELMD
Y,ELME
Y,ELP
Y,ELPC
Y,ELQD
Y,ELS
Y,ELSE
Y,ELTK
Y,ELTX
Y,ELUT
Y,ELV
Y,ELVA
Y,ELVN
Y,ELWS
Y,EM
Y,EMB
Y,EMBC
Y,EMBD
Y,EMC
Y,EMCB
Y,EMCC
Y,EMCG
Y,EMCGR
Y,EMCGU
Y,EMCGW
Y,EMCR
Y,EMCS
Y,EMD
Y,EMDM
Y,EMDV
Y,EME
Y,EMEQ
Y,EMF
Y,EMGF
Y,EMHC
Y,EMHY
Y,EMIF
Y,EMKR
Y,EML
Y,EMLC
Y,EMLP
Y,EMM
Y,EMMF
Y,EMN
Y,EMNT
Y,EMO
Y,EMOT
Y,EMP
Y,EMQQ
Y,EMR
Y,EMSF
Y,EMTL
Y,EMTY
Y,EMX
Y,EMXC
Y,EMXF
Y,ENB
Y,ENFN
Y,ENFR
Y,ENG
Y,ENGN
Y,ENGNW
Y,ENIC
Y,ENJ
Y,ENLC
Y,ENLT
Y,ENLV
Y,ENO
Y,ENOR
Y,ENOV
Y,ENPH
Y,ENR
Y,ENS
Y,ENSC
Y,ENSG
Y,ENTA
Y,ENTG
Y,ENTO
Y,ENTX
Y,ENV
Y,ENVA
Y,ENVB
Y,ENVX
Y,ENX
Y,ENZ
Y,ENZL
Y,EOCT
Y,EOD
Y,EOG
Y,EOI
Y,EOLS
Y,EONR
Y,EONR.W
Y,EOS
Y,EOSE
Y,EOSEW
Y,EOT
Y,EP
Y,EPAC
Y,EPAM
Y,EPC
Y,EPD
Y,EPHE
Y,EPI
Y,EPIX
Y,EPM
Y,EPOL
Y,EPOW
Y,EPP
Y,EPR
Y,EPRF
Y,EPRT
Y,EPRX
Y,EPS
Y,EPSN
Y,EPU
Y,EPV
Y,EQ
Y,EQAL
Y,EQBK
Y,EQC
Y,EQH
Y,EQIN
Y,EQIX
Y,EQL
Y,EQLS
Y,EQLT
Y,EQNR
Y,EQR
Y,EQRR
Y,EQS
Y,EQT
Y,EQTY
Y,EQUL
Y,EQV
Y,EQV.U
Y,EQV.W
Y,EQWL
Y,EQX
Y,ERAS
Y,ERC
Y,ERET
Y,ERH
Y,ERIC
Y,ERIE
Y,ERII
Y,ERJ
Y,ERNA
Y,ERNZ
Y,ERO
Y,ERTH
Y,ERX
Y,ERY
Y,ES
Y,ESAB
Y,ESBA
Y,ESCA
Y,ESE
Y,ESEA
Y,ESG
Y,ESGA
Y,ESGB
Y,ESGD
Y,ESGE
Y,ESGG
Y,ESGL
Y,ESGLW
Y,ESGR
Y,ESGRO
Y,ESGRP
Y,ESGU
Y,ESGV
Y,ESGX
Y,ESGY
Y,ESHA
Y,ESHAR
Y,ESI
Y,ESIX
Y,ESLA
Y,ESLAW
Y,ESLT
Y,ESML
Y,ESMV
Y,ESN
Y,ESNT
Y,ESOA
Y,ESP
Y,ESPO
Y,ESPR
Y,ESQ
Y,ESRT
Y,ESS
Y,ESSA
Y,ESTA
Y,ESTC
Y,ESUS
Y,ET
Y,ETB
Y,ETD
Y,ETEC
Y,ETG
Y,ETH
Y,ETHA
Y,ETHD
Y,ETHE
Y,ETHO
Y,ETHT
Y,ETHU
Y,ETHV
Y,ETHW
Y,ETJ
Y,ETN
Y,ETNB
Y,ETO
Y,ETON
Y,ETQ
Y,ETR
Y,ETSY
Y,ETU
Y,ETV
Y,ETW
Y,ETWO
Y,ETWO.W
Y,ETX
Y,ETY
Y,EU
Y,EUAD
Y,EUDA
Y,EUDAW
Y,EUDG
Y,EUDV
Y,EUFN
Y,EUM
Y,EUO
Y,EURK
Y,EURKR
Y,EURKU
Y,EURL
Y,EUSA
Y,EUSB
Y,EUSC
Y,EV
Y,EVAV
Y,EVAX
Y,EVBN
Y,EVC
Y,EVCM
Y,EVE
Y,EVE.U
Y,EVE.W
Y,EVER
Y,EVEX
Y,EVEX.W
Y,EVF
Y,EVG
Y,EVGN
Y,EVGO
Y,EVGOW
Y,EVGR
Y,EVGRU
Y,EVGRW
Y,EVH
Y,EVHY
Y,EVI
Y,EVIM
Y,EVLN
Y,EVLU
Y,EVLV
Y,EVLVW
Y,EVM
Y,EVMT
Y,EVN
Y,EVNT
Y,EVO
Y,EVOK
Y,EVR
Y,EVRG
Y,EVRI
Y,EVSB
Y,EVSD
Y,EVSM
Y,EVT
Y,EVTC
Y,EVTL
Y,EVTL.W
Y,EVTR
Y,EVTV
Y,EVUS
Y,EVV
Y,EVX
Y,EW
Y,EWA
Y,EWBC
Y,EWC
Y,EWCZ
Y,EWD
Y,EWG
Y,EWH
Y,EWI
Y,EWJ
Y,EWJV
Y,EWK
Y,EWL
Y,EWM
Y,EWN
Y,EWO
Y,EWP
Y,EWQ
Y,EWS
Y,EWT
Y,EWTX
Y,EWU
Y,EWUS
Y,EWV
Y,EWW
Y,EWX
Y,EWY
Y,EWZ
Y,EWZS
Y,EXAI
Y,EXAS
Y,EXC
Y,EXE
Y,EXEEL
Y,EXEEW
Y,EXEEZ
Y,EXEL
Y,EXFY
Y,EXG
Y,EXI
Y,EXK
Y,EXLS
Y,EXP
Y,EXPD
Y,EXPE
Y,EXPI
Y,EXPO
Y,EXR
Y,EXTO
Y,EXTR
Y,EYE
Y,EYEG
Y,EYEN
Y,EYLD
Y,EYPT
Y,EZA
Y,EZBC
Y,EZET
Y,EZFL
Y,EZGO
Y,EZJ
Y,EZM
Y,EZPW
Y,EZU
Y,F
Y,FA
Y,FAAR
Y,FAAS
Y,FAASW
Y,FAB
Y,FAD
Y,FAF
Y,FAIL
Y,FALN
Y,FAMI
Y,FAN
Y,FANG
Y,FAPR
Y,FARM
Y,FARO
Y,FAS
Y,FAST
Y,FAT
Y,FATBB
Y,FATBP
Y,FATBW
Y,FATE
Y,FAUG
Y,FAX
Y,FAZ
Y,FBCG
Y,FBCV
Y,FBIN
Y,FBIO
Y,FBIOP
Y,FBIZ
Y,FBK
Y,FBL
Y,FBLA
Y,FBLG
Y,FBMS
Y,FBNC
Y,FBND
Y,FBOT
Y,FBP
Y,FBRT
Y,FBRX
Y,FBT
Y,FBTC
Y,FBUF
Y,FBY
Y,FBYD
Y,FBYDW
Y,FBZ
Y,FC
Y,FCA
Y,FCAL
Y,FCAP
Y,FCBC
Y,FCCO
Y,FCEF
Y,FCEL
Y,FCF
Y,FCFS
Y,FCFY
Y,FCG
Y,FCLD
Y,FCN
Y,FCNCA
Y,FCNCO
Y,FCNCP
Y,FCO
Y,FCOM
Y,FCOR
Y,FCPI
Y,FCPT
Y,FCRX
Y,FCSH
Y,FCT
Y,FCTE
Y,FCTR
Y,FCUS
Y,FCUV
Y,FCVT
Y,FCX
Y,FDAT
Y,FDBC
Y,FDCE
Y,FDCF
Y,FDD
Y,FDEC
Y,FDEM
Y,FDEV
Y,FDFF
Y,FDG
Y,FDGR
Y,FDHT
Y,FDHY
Y,FDIF
Y,FDIG
Y,FDIS
Y,FDIV
Y,FDL
Y,FDLO
Y,FDLS
Y,FDM
Y,FDMO
Y,FDMT
Y,FDN
Y,FDND
Y,FDNI
Y,FDP
Y,FDRR
Y,FDRV
Y,FDS
Y,FDSB
Y,FDT
Y,FDTB
Y,FDTS
Y,FDTX
Y,FDUS
Y,FDV
Y,FDVL
Y,FDVV
Y,FDWM
Y,FDX
Y,FE
Y,FEAM
Y,FEBO
Y,FEBP
Y,FEBT
Y,FEBW
Y,FEBZ
Y,FEDL
Y,FEDM
Y,FEDU
Y,FEIG
Y,FEIM
Y,FELC
Y,FELE
Y,FELG
Y,FELV
Y,FEM
Y,FEMB
Y,FEMS
Y,FEMY
Y,FENC
Y,FENG
Y,FENI
Y,FENY
Y,FEP
Y,FEPI
Y,FER
Y,FERG
Y,FESM
Y,FET
Y,FETH
Y,FEUS
Y,FEUZ
Y,FEX
Y,FEZ
Y,FF
Y,FFA
Y,FFBC
Y,FFC
Y,FFEB
Y,FFIC
Y,FFIE
Y,FFIEW
Y,FFIN
Y,FFIU
Y,FFIV
Y,FFLC
Y,FFLG
Y,FFLS
Y,FFLV
Y,FFND
Y,FFNW
Y,FFOG
Y,FFSM
Y,FFTY
Y,FFWM
Y,FG
Y,FGB
Y,FGBI
Y,FGBIP
Y,FGD
Y,FGDL
Y,FGEN
Y,FGF
Y,FGFPP
Y,FGI
Y,FGIWW
Y,FGL
Y,FGM
Y,FGN
Y,FHB
Y,FHEQ
Y,FHI
Y,FHLC
Y,FHN
Y,FHTX
Y,FHYS
Y,FI
Y,FIAT
Y,FIAX
Y,FIBK
Y,FIBR
Y,FICO
Y,FICS
Y,FID
Y,FIDI
Y,FIDU
Y,FIG
Y,FIGB
Y,FIGS
Y,FIHL
Y,FIIG
Y,FILL
Y,FINE
Y,FINS
Y,FINV
Y,FINW
Y,FINX
Y,FIP
Y,FIS
Y,FISI
Y,FISK
Y,FISR
Y,FITB
Y,FITBI
Y,FITBO
Y,FITBP
Y,FITE
Y,FIVA
Y,FIVE
Y,FIVN
Y,FIW
Y,FIX
Y,FIXD
Y,FIZZ
Y,FJAN
Y,FJP
Y,FJUL
Y,FJUN
Y,FKU
Y,FKWL
Y,FL
Y,FLAO
Y,FLAU
Y,FLAX
Y,FLBL
Y,FLBR
Y,FLC
Y,FLCA
Y,FLCB
Y,FLCC
Y,FLCG
Y,FLCH
Y,FLCO
Y,FLCV
Y,FLD
Y,FLDB
Y,FLDDU
Y,FLDDW
Y,FLDR
Y,FLDZ
Y,FLEE
Y,FLEU
Y,FLEX
Y,FLG
Y,FLGB
Y,FLGC
Y,FLGR
Y,FLGT
Y,FLGV
Y,FLHK
Y,FLHY
Y,FLIA
Y,FLIC
Y,FLIN
Y,FLJH
Y,FLJJ
Y,FLJP
Y,FLKR
Y,FLL
Y,FLLA
Y,FLMB
Y,FLMI
Y,FLMX
Y,FLN
Y,FLNC
Y,FLNG
Y,FLNT
Y,FLO
Y,FLOT
Y,FLOW
Y,FLQL
Y,FLQM
Y,FLQS
Y,FLR
Y,FLRG
Y,FLRN
Y,FLRT
Y,FLS
Y,FLSA
Y,FLSP
Y,FLSW
Y,FLTB
Y,FLTR
Y,FLTW
Y,FLUD
Y,FLUT
Y,FLUX
Y,FLV
Y,FLWS
Y,FLX
Y,FLXR
Y,FLXS
Y,FLYD
Y,FLYE
Y,FLYU
Y,FLYW
Y,FLYX
Y,FLYX.W
Y,FM
Y,FMAG
Y,FMAO
Y,FMAR
Y,FMAT
Y,FMAY
Y,FMB
Y,FMBH
Y,FMC
Y,FMCE
Y,FMCX
Y,FMDE
Y,FMED
Y,FMET
Y,FMF
Y,FMHI
Y,FMN
Y,FMNB
Y,FMNY
Y,FMQQ
Y,FMS
Y,FMST
Y,FMSTW
Y,FMX
Y,FMY
Y,FN
Y,FNA
Y,FNB
Y,FNCL
Y,FND
Y,FNDA
Y,FNDB
Y,FNDC
Y,FNDE
Y,FNDF
Y,FNDX
Y,FNF
Y,FNGD
Y,FNGG
Y,FNGO
Y,FNGR
Y,FNGS
Y,FNGU
Y,FNK
Y,FNKO
Y,FNLC
Y,FNOV
Y,FNV
Y,FNWB
Y,FNWD
Y,FNX
Y,FNY
Y,FOA
Y,FOCT
Y,FOF
Y,FOLD
Y,FONR
Y,FOR
Y,FORA
Y,FORD
Y,FORH
Y,FORL
Y,FORLU
Y,FORLW
Y,FORM
Y,FORR
Y,FORTY
Y,FOSL
Y,FOSLL
Y,FOUR
Y,FOVL
Y,FOX
Y,FOXA
Y,FOXF
Y,FOXO
Y,FOXX
Y,FOXXW
Y,FPA
Y,FPAG
Y,FPAS
Y,FPAY
Y,FPE
Y,FPEI
Y,FPF
Y,FPFD
Y,FPH
Y,FPI
Y,FPRO
Y,FPX
Y,FPXE
Y,FPXI
Y,FQAL
Y,FR
Y,FRA
Y,FRAF
Y,FRBA
Y,FRD
Y,FRDM
Y,FREL
Y,FRES
Y,FREY
Y,FREY.W
Y,FRGE
Y,FRGT
Y,FRHC
Y,FRI
Y,FRME
Y,FRMEP
Y,FRNW
Y,FRO
Y,FROG
Y,FRPH
Y,FRPT
Y,FRSH
Y,FRST
Y,FRSX
Y,FRT
Y,FRTY
Y,FSBC
Y,FSBD
Y,FSBW
Y,FSCC
Y,FSCO
Y,FSCS
Y,FSEA
Y,FSEC
Y,FSEP
Y,FSFG
Y,FSHP
Y,FSHPR
Y,FSHPU
Y,FSI
Y,FSIG
Y,FSK
Y,FSLD
Y,FSLR
Y,FSLY
Y,FSM
Y,FSMB
Y,FSMD
Y,FSP
Y,FSS
Y,FSST
Y,FSTA
Y,FSTR
Y,FSUN
Y,FSV
Y,FSYD
Y,FSZ
Y,FT
Y,FTA
Y,FTAG
Y,FTAI
Y,FTAIM
Y,FTAIN
Y,FTAIO
Y,FTBD
Y,FTC
Y,FTCB
Y,FTCE
Y,FTCI
Y,FTCS
Y,FTDR
Y,FTDS
Y,FTEC
Y,FTEK
Y,FTEL
Y,FTF
Y,FTFT
Y,FTGC
Y,FTGS
Y,FTHF
Y,FTHI
Y,FTHM
Y,FTHY
Y,FTI
Y,FTIF
Y,FTII
Y,FTIIU
Y,FTIIW
Y,FTK
Y,FTLF
Y,FTLS
Y,FTNT
Y,FTQI
Y,FTRB
Y,FTRE
Y,FTRI
Y,FTS
Y,FTSD
Y,FTSL
Y,FTSM
Y,FTV
Y,FTWO
Y,FTXG
Y,FTXH
Y,FTXL
Y,FTXN
Y,FTXO
Y,FTXR
Y,FUBO
Y,FUFU
Y,FUFUW
Y,FUL
Y,FULC
Y,FULT
Y,FULTP
Y,FUMB
Y,FUN
Y,FUNC
Y,FUND
Y,FUNL
Y,FURY
Y,FUSB
Y,FUSI
Y,FUTU
Y,FUTY
Y,FV
Y,FVAL
Y,FVC
Y,FVCB
Y,FVD
Y,FVN
Y,FVNNR
Y,FVNNU
Y,FVR
Y,FVRR
Y,FWD
Y,FWONA
Y,FWONK
Y,FWRD
Y,FWRG
Y,FXA
Y,FXB
Y,FXC
Y,FXD
Y,FXE
Y,FXED
Y,FXF
Y,FXG
Y,FXH
Y,FXI
Y,FXL
Y,FXN
Y,FXNC
Y,FXO
Y,FXP
Y,FXR
Y,FXU
Y,FXY
Y,FXZ
Y,FYBR
Y,FYC
Y,FYEE
Y,FYLD
Y,FYLG
Y,FYT
Y,FYX
Y,G
Y,GAA
Y,GAB
Y,GABC
Y,GABF
Y,GAEM
Y,GAIA
Y,GAIN
Y,GAINL
Y,GAINN
Y,GAINZ
Y,GAL
Y,GALT
Y,GAM
Y,GAMB
Y,GAME
Y,GAMR
Y,GAN
Y,GANX
Y,GAP
Y,GAPR
Y,GARP
Y,GASS
Y,GAST
Y,GATE
Y,GATEU
Y,GATEW
Y,GATO
Y,GATX
Y,GAU
Y,GAUG
Y,GAUZ
Y,GB
Y,GB.W
Y,GBAB
Y,GBBK
Y,GBBKR
Y,GBBKW
Y,GBCI
Y,GBDC
Y,GBF
Y,GBIL
Y,GBIO
Y,GBLD
Y,GBLI
Y,GBR
Y,GBTC
Y,GBTG
Y,GBUY
Y,GBX
Y,GCAD
Y,GCAL
Y,GCBC
Y,GCC
Y,GCI
Y,GCLN
Y,GCMG
Y,GCMGW
Y,GCO
Y,GCOR
Y,GCOW
Y,GCT
Y,GCTK
Y,GCTS
Y,GCTS.W
Y,GCV
Y,GD
Y,GDC
Y,GDDY
Y,GDE
Y,GDEC
Y,GDEN
Y,GDEV
Y,GDEVW
Y,GDHG
Y,GDIV
Y,GDL
Y,GDMA
Y,GDMN
Y,GDO
Y,GDOC
Y,GDOT
Y,GDRX
Y,GDS
Y,GDST
Y,GDSTR
Y,GDSTU
Y,GDSTW
Y,GDTC
Y,GDV
Y,GDX
Y,GDXD
Y,GDXJ
Y,GDXU
Y,GDXY
Y,GDYN
Y,GE
Y,GECC
Y,GECCH
Y,GECCI
Y,GECCO
Y,GECCZ
Y,GEF
Y,GEF.B
Y,GEG
Y,GEGGL
Y,GEHC
Y,GEL
Y,GELS
Y,GEM
Y,GEMD
Y,GEN
Y,GENC
Y,GENE
Y,GENI
Y,GENK
Y,GENM
Y,GENT
Y,GEO
Y,GEOS
Y,GERN
Y,GES
Y,GETY
Y,GEV
Y,GEVO
Y,GF
Y,GFAI
Y,GFAIW
Y,GFEB
Y,GFF
Y,GFGF
Y,GFI
Y,GFL
Y,GFOF
Y,GFR
Y,GFS
Y,GGAL
Y,GGB
Y,GGG
Y,GGLL
Y,GGLS
Y,GGM
Y,GGME
Y,GGN
Y,GGR
Y,GGROW
Y,GGRW
Y,GGT
Y,GGUS
Y,GGZ
Y,GH
Y,GHC
Y,GHG
Y,GHI
Y,GHIX
Y,GHIXU
Y,GHIXW
Y,GHLD
Y,GHM
Y,GHMS
Y,GHRS
Y,GHTA
Y,GHY
Y,GHYB
Y,GHYG
Y,GIAX
Y,GIB
Y,GIC
Y,GIFI
Y,GIFT
Y,GIG
Y,GIGB
Y,GIGGU
Y,GIGGW
Y,GIGM
Y,GII
Y,GIII
Y,GIL
Y,GILD
Y,GILT
Y,GINN
Y,GINX
Y,GIPR
Y,GIPRW
Y,GIS
Y,GJAN
Y,GJH
Y,GJO
Y,GJP
Y,GJR
Y,GJS
Y,GJT
Y,GJUL
Y,GJUN
Y,GK
Y,GKOS
Y,GL
Y,GLAC
Y,GLACR
Y,GLACU
Y,GLAD
Y,GLADZ
Y,GLBE
Y,GLBL
Y,GLBS
Y,GLBZ
Y,GLD
Y,GLDD
Y,GLDG
Y,GLDI
Y,GLDM
Y,GLE
Y,GLIN
Y,GLL
Y,GLLI
Y,GLLIR
Y,GLLIU
Y,GLLIW
Y,GLMD
Y,GLNG
Y,GLO
Y,GLOB
Y,GLOF
Y,GLOV
Y,GLOW
Y,GLP
Y,GLPG
Y,GLPI
Y,GLQ
Y,GLRE
Y,GLRY
Y,GLSI
Y,GLST
Y,GLSTR
Y,GLSTU
Y,GLSTW
Y,GLTO
Y,GLTR
Y,GLU
Y,GLUE
Y,GLV
Y,GLW
Y,GLXG
Y,GLYC
Y,GM
Y,GMAB
Y,GMAR
Y,GMAY
Y,GME
Y,GMED
Y,GMET
Y,GMF
Y,GMGI
Y,GMM
Y,GMMA
Y,GMNY
Y,GMOI
Y,GMOM
Y,GMOV
Y,GMRE
Y,GMS
Y,GMUB
Y,GMUN
Y,GNE
Y,GNFT
Y,GNK
Y,GNL
Y,GNLN
Y,GNLX
Y,GNMA
Y,GNOM
Y,GNOV
Y,GNPX
Y,GNR
Y,GNRC
Y,GNS
Y,GNSS
Y,GNT
Y,GNTA
Y,GNTX
Y,GNTY
Y,GNW
Y,GO
Y,GOAU
Y,GOCO
Y,GOCT
Y,GODN
Y,GODNR
Y,GODNU
Y,GOEV
Y,GOEVW
Y,GOEX
Y,GOF
Y,GOGL
Y,GOGO
Y,GOLD
Y,GOLF
Y,GOLY
Y,GOOD
Y,GOODN
Y,GOODO
Y,GOOG
Y,GOOGL
Y,GOOP
Y,GOOS
Y,GOOX
Y,GOOY
Y,GORO
Y,GORV
Y,GOSS
Y,GOTU
Y,GOVI
Y,GOVT
Y,GOVX
Y,GOVXW
Y,GOVZ
Y,GP
Y,GPAT
Y,GPATU
Y,GPATW
Y,GPC
Y,GPCR
Y,GPI
Y,GPIQ
Y,GPIX
Y,GPJA
Y,GPK
Y,GPMT
Y,GPN
Y,GPOR
Y,GPOW
Y,GPRE
Y,GPRF
Y,GPRK
Y,GPRO
Y,GPUS
Y,GQI
Y,GQQQ
Y,GQRE
Y,GRAB
Y,GRABW
Y,GRAF
Y,GRAF.U
Y,GRAF.W
Y,GRAL
Y,GRBK
Y,GRC
Y,GRCE
Y,GRDN
Y,GREE
Y,GREEL
Y,GREI
Y,GREK
Y,GRF
Y,GRFS
Y,GRFX
Y,GRI
Y,GRID
Y,GRMN
Y,GRN
Y,GRNB
Y,GRND
Y,GRND.W
Y,GRNQ
Y,GRNT
Y,GRNY
Y,GROV
Y,GROW
Y,GROY
Y,GROY.W
Y,GRP.U
Y,GRPM
Y,GRPN
Y,GRPZ
Y,GRRR
Y,GRRRW
Y,GRVY
Y,GRW
Y,GRWG
Y,GRX
Y,GRYP
Y,GS
Y,GSAT
Y,GSBC
Y,GSBD
Y,GSC
Y,GSEE
Y,GSEP
Y,GSEU
Y,GSEW
Y,GSFP
Y,GSG
Y,GSHD
Y,GSIB
Y,GSID
Y,GSIE
Y,GSIG
Y,GSIT
Y,GSIW
Y,GSJY
Y,GSK
Y,GSL
Y,GSLC
Y,GSM
Y,GSMGW
Y,GSPY
Y,GSRTU
Y,GSSC
Y,GSST
Y,GSUN
Y,GSUS
Y,GSY
Y,GT
Y,GTBP
Y,GTE
Y,GTEC
Y,GTEK
Y,GTES
Y,GTI
Y,GTIM
Y,GTIP
Y,GTLB
Y,GTLS
Y,GTN
Y,GTN.A
Y,GTO
Y,GTR
Y,GTX
Y,GTY
Y,GUG
Y,GUMI
Y,GUNR
Y,GUNZ
Y,GURE
Y,GURU
Y,GUSA
Y,GUSH
Y,GUT
Y,GUTS
Y,GV
Y,GVA
Y,GVAL
Y,GVH
Y,GVI
Y,GVIP
Y,GVLU
Y,GVUS
Y,GWAV
Y,GWH
Y,GWH.W
Y,GWRE
Y,GWRS
Y,GWW
Y,GWX
Y,GXAI
Y,GXC
Y,GXG
Y,GXO
Y,GXTG
Y,GXUS
Y,GYLD
Y,GYRE
Y,GYRO
Y,H
Y,HACK
Y,HAE
Y,HAFC
Y,HAFN
Y,HAIA
Y,HAIAU
Y,HAIAW
Y,HAIL
Y,HAIN
Y,HAL
Y,HALO
Y,HAO
Y,HAP
Y,HAPI
Y,HAPR
Y,HAPS
Y,HAPY
Y,HARD
Y,HART
Y,HAS
Y,HASI
Y,HAUS
Y,HAUZ
Y,HAWX
Y,HAYN
Y,HAYW
Y,HBAN
Y,HBANL
Y,HBANM
Y,HBANP
Y,HBB
Y,HBCP
Y,HBI
Y,HBIO
Y,HBM
Y,HBNC
Y,HBT
Y,HCA
Y,HCAT
Y,HCC
Y,HCI
Y,HCKT
Y,HCM
Y,HCMT
Y,HCOM
Y,HCOW
Y,HCP
Y,HCRB
Y,HCSG
Y,HCTI
Y,HCVI
Y,HCVIU
Y,HCVIW
Y,HCWB
Y,HCWC
Y,HCXY
Y,HD
Y,HDB
Y,HDEF
Y,HDG
Y,HDGE
Y,HDL
Y,HDLB
Y,HDMV
Y,HDRO
Y,HDSN
Y,HDUS
Y,HDV
Y,HE
Y,HEAR
Y,HEAT
Y,HECO
Y,HEDJ
Y,HEEM
Y,HEES
Y,HEFA
Y,HEGD
Y,HEI
Y,HEI.A
Y,HEJD
Y,HELE
Y,HELO
Y,HELX
Y,HEPA
Y,HEPS
Y,HEQ
Y,HEQT
Y,HERD
Y,HERO
Y,HES
Y,HESM
Y,HEWJ
Y,HEZU
Y,HF
Y,HFBL
Y,HFFG
Y,HFGO
Y,HFND
Y,HFRO
Y,HFSP
Y,HFWA
Y,HFXI
Y,HG
Y,HGBL
Y,HGER
Y,HGLB
Y,HGTY
Y,HGV
Y,HHH
Y,HHS
Y,HI
Y,HIBL
Y,HIBS
Y,HIDE
Y,HIDV
Y,HIE
Y,HIFS
Y,HIG
Y,HIGH
Y,HIHO
Y,HII
Y,HIMS
Y,HIMX
Y,HIO
Y,HIPO
Y,HIPS
Y,HISF
Y,HITI
Y,HIVE
Y,HIW
Y,HIX
Y,HIYS
Y,HJAN
Y,HJUL
Y,HKD
Y,HKIT
Y,HKND
Y,HL
Y,HLAL
Y,HLF
Y,HLGE
Y,HLI
Y,HLIO
Y,HLIT
Y,HLLY
Y,HLLY.W
Y,HLMN
Y,HLN
Y,HLNE
Y,HLP
Y,HLT
Y,HLVX
Y,HLX
Y,HLXB
Y,HMC
Y,HMN
Y,HMOP
Y,HMST
Y,HMY
Y,HNDL
Y,HNI
Y,HNNA
Y,HNNAZ
Y,HNRG
Y,HNST
Y,HNVR
Y,HNW
Y,HOCT
Y,HODL
Y,HOFT
Y,HOFV
Y,HOFVW
Y,HOG
Y,HOLO
Y,HOLOW
Y,HOLX
Y,HOMB
Y,HOMZ
Y,HON
Y,HOND
Y,HONDU
Y,HONDW
Y,HONE
Y,HOOD
Y,HOOK
Y,HOPE
Y,HOTH
Y,HOUR
Y,HOUS
Y,HOV
Y,HOVNP
Y,HOVR
Y,HOVRW
Y,HOWL
Y,HP
Y,HPAI
Y,HPAIW
Y,HPE
Y,HPF
Y,HPH
Y,HPI
Y,HPK
Y,HPKEW
Y,HPP
Y,HPQ
Y,HPS
Y,HQGO
Y,HQH
Y,HQI
Y,HQL
Y,HQY
Y,HR
Y,HRB
Y,HRI
Y,HRL
Y,HRMY
Y,HROW
Y,HROWL
Y,HROWM
Y,HRTG
Y,HRTS
Y,HRTX
Y,HRYU
Y,HRZN
Y,HSAI
Y,HSBC
Y,HSBH
Y,HSCS
Y,HSCSW
Y,HSCZ
Y,HSDT
Y,HSHP
Y,HSIC
Y,HSII
Y,HSMV
Y,HSON
Y,HSPO
Y,HSPOR
Y,HSPOU
Y,HSPOW
Y,HSRT
Y,HST
Y,HSTM
Y,HSUN
Y,HSY
Y,HTAB
Y,HTBI
Y,HTBK
Y,HTCO
Y,HTCR
Y,HTD
Y,HTEC
Y,HTFB
Y,HTFC
Y,HTGC
Y,HTH
Y,HTHT
Y,HTIA
Y,HTIBP
Y,HTLD
Y,HTLF
Y,HTLFP
Y,HTLM
Y,HTOO
Y,HTOOW
Y,HTRB
Y,HTUS
Y,HTZ
Y,HTZWW
Y,HUBB
Y,HUBC
Y,HUBCW
Y,HUBCZ
Y,HUBG
Y,HUBS
Y,HUDA
Y,HUDAR
Y,HUDAU
Y,HUDI
Y,HUHU
Y,HUIZ
Y,HUM
Y,HUMA
Y,HUMAW
Y,HUN
Y,HURA
Y,HURC
Y,HURN
Y,HUSA
Y,HUSV
Y,HUT
Y,HUYA
Y,HVT
Y,HVT.A
Y,HWAY
Y,HWBK
Y,HWC
Y,HWCPZ
Y,HWH
Y,HWKN
Y,HWM
Y,HXL
Y,HY
Y,HYAC
Y,HYAC.U
Y,HYAC.W
Y,HYB
Y,HYBB
Y,HYBI
Y,HYBL
Y,HYD
Y,HYDB
Y,HYDR
Y,HYDW
Y,HYEM
Y,HYFI
Y,HYFM
Y,HYG
Y,HYGH
Y,HYGI
Y,HYGV
Y,HYGW
Y,HYHG
Y,HYI
Y,HYIN
Y,HYKE
Y,HYLB
Y,HYLG
Y,HYLN
Y,HYLS
Y,HYMB
Y,HYMC
Y,HYMCL
Y,HYMCW
Y,HYMU
Y,HYPR
Y,HYRM
Y,HYS
Y,HYSA
Y,HYSD
Y,HYT
Y,HYTR
Y,HYUP
Y,HYXF
Y,HYXU
Y,HYZD
Y,HYZN
Y,HYZNW
Y,HZO
Y,IAC
Y,IAE
Y,IAF
Y,IAG
Y,IAGG
Y,IAI
Y,IAK
Y,IAPR
Y,IART
Y,IAS
Y,IAT
Y,IAU
Y,IAUG
Y,IAUM
Y,IAUX
Y,IBAC
Y,IBACR
Y,IBAT
Y,IBB
Y,IBBQ
Y,IBCP
Y,IBD
Y,IBDP
Y,IBDQ
Y,IBDR
Y,IBDS
Y,IBDT
Y,IBDU
Y,IBDV
Y,IBDW
Y,IBDX
Y,IBDY
Y,IBDZ
Y,IBEX
Y,IBG
Y,IBGA
Y,IBGK
Y,IBHD
Y,IBHE
Y,IBHF
Y,IBHG
Y,IBHH
Y,IBHI
Y,IBHJ
Y,IBHK
Y,IBIB
Y,IBIC
Y,IBID
Y,IBIE
Y,IBIF
Y,IBIG
Y,IBIH
Y,IBII
Y,IBIJ
Y,IBIK
Y,IBIO
Y,IBIT
Y,IBKR
Y,IBLC
Y,IBM
Y,IBMM
Y,IBMN
Y,IBMO
Y,IBMP
Y,IBMQ
Y,IBMR
Y,IBMS
Y,IBN
Y,IBND
Y,IBO
Y,IBOC
Y,IBOT
Y,IBP
Y,IBRN
Y,IBRX
Y,IBTA
Y,IBTE
Y,IBTF
Y,IBTG
Y,IBTH
Y,IBTI
Y,IBTJ
Y,IBTK
Y,IBTL
Y,IBTM
Y,IBTO
Y,IBTP
Y,IBTX
Y,IBUF
Y,IBUY
Y,ICAD
Y,ICAP
Y,ICCC
Y,ICCH
Y,ICCM
Y,ICCT
Y,ICE
Y,ICF
Y,ICFI
Y,ICG
Y,ICHR
Y,ICL
Y,ICLK
Y,ICLN
Y,ICLO
Y,ICLR
Y,ICMB
Y,ICON
Y,ICOP
Y,ICOW
Y,ICSH
Y,ICU
Y,ICUCW
Y,ICUI
Y,ICVT
Y,IDA
Y,IDAI
Y,IDAT
Y,IDCC
Y,IDE
Y,IDEC
Y,IDEV
Y,IDGT
Y,IDHQ
Y,IDLV
Y,IDMO
Y,IDN
Y,IDNA
Y,IDOG
Y,IDR
Y,IDRV
Y,IDT
Y,IDU
Y,IDUB
Y,IDV
Y,IDVO
Y,IDX
Y,IDXX
Y,IDYA
Y,IE
Y,IEDI
Y,IEF
Y,IEFA
Y,IEI
Y,IEMG
Y,IEO
Y,IEP
Y,IESC
Y,IETC
Y,IEUR
Y,IEUS
Y,IEV
Y,IEX
Y,IEZ
Y,IFBD
Y,IFEB
Y,IFED
Y,IFF
Y,IFGL
Y,IFN
Y,IFRA
Y,IFRX
Y,IFS
Y,IFV
Y,IG
Y,IGA
Y,IGBH
Y,IGC
Y,IGD
Y,IGE
Y,IGEB
Y,IGF
Y,IGHG
Y,IGI
Y,IGIB
Y,IGIC
Y,IGLB
Y,IGLD
Y,IGM
Y,IGMS
Y,IGOV
Y,IGPT
Y,IGR
Y,IGRO
Y,IGSB
Y,IGT
Y,IGTA
Y,IGTAR
Y,IGTAU
Y,IGTAW
Y,IGTR
Y,IGV
Y,IGZ
Y,IH
Y,IHAK
Y,IHD
Y,IHDG
Y,IHE
Y,IHF
Y,IHG
Y,IHI
Y,IHRT
Y,IHS
Y,IHT
Y,IHTA
Y,IHY
Y,IHYF
Y,IIF
Y,IIGD
Y,III
Y,IIIN
Y,IIIV
Y,IIM
Y,IINN
Y,IINNW
Y,IIPR
Y,IJAN
Y,IJH
Y,IJJ
Y,IJK
Y,IJR
Y,IJS
Y,IJT
Y,IJUL
Y,IJUN
Y,IKNA
Y,IKT
Y,ILAG
Y,ILCB
Y,ILCG
Y,ILCV
Y,ILDR
Y,ILF
Y,ILIT
Y,ILLR
Y,ILLRW
Y,ILMN
Y,ILOW
Y,ILPT
Y,ILTB
Y,IMAB
Y,IMAR
Y,IMAX
Y,IMAY
Y,IMCB
Y,IMCC
Y,IMCG
Y,IMCR
Y,IMCV
Y,IMFL
Y,IMG
Y,IMKTA
Y,IMMP
Y,IMMR
Y,IMMX
Y,IMNM
Y,IMNN
Y,IMO
Y,IMOM
Y,IMOS
Y,IMPP
Y,IMPPP
Y,IMRN
Y,IMRX
Y,IMSI
Y,IMTB
Y,IMTE
Y,IMTM
Y,IMTX
Y,IMTXW
Y,IMUX
Y,IMVT
Y,IMXI
Y,INAB
Y,INAQ
Y,INAQU
Y,INAQW
Y,INBK
Y,INBKZ
Y,INBS
Y,INBX
Y,INCE
Y,INCM
Y,INCO
Y,INCR
Y,INCY
Y,INDA
Y,INDB
Y,INDE
Y,INDF
Y,INDH
Y,INDI
Y,INDL
Y,INDO
Y,INDP
Y,INDS
Y,INDV
Y,INDY
Y,INEQ
Y,INFA
Y,INFL
Y,INFN
Y,INFO
Y,INFR
Y,INFU
Y,INFY
Y,ING
Y,INGM
Y,INGN
Y,INGR
Y,INHD
Y,INKM
Y,INKT
Y,INLX
Y,INM
Y,INMB
Y,INMD
Y,INMU
Y,INN
Y,INNO
Y,INNV
Y,INO
Y,INOD
Y,INOV
Y,INQQ
Y,INRO
Y,INSE
Y,INSG
Y,INSI
Y,INSM
Y,INSP
Y,INSW
Y,INTA
Y,INTC
Y,INTF
Y,INTG
Y,INTJ
Y,INTL
Y,INTR
Y,INTS
Y,INTT
Y,INTU
Y,INTZ
Y,INUV
Y,INV
Y,INVA
Y,INVE
Y,INVH
Y,INVX
Y,INVZ
Y,INVZW
Y,INZY
Y,IOBT
Y,IOCT
Y,ION
Y,IONQ
Y,IONQ.W
Y,IONR
Y,IONS
Y,IOO
Y,IOPP
Y,IOR
Y,IOSP
Y,IOT
Y,IOVA
Y,IP
Y,IPA
Y,IPAC
Y,IPAR
Y,IPAV
Y,IPAY
Y,IPB
Y,IPDN
Y,IPDP
Y,IPG
Y,IPGP
Y,IPHA
Y,IPI
Y,IPKW
Y,IPO
Y,IPOS
Y,IPPP
Y,IPSC
Y,IPW
Y,IPWR
Y,IPX
Y,IPXX
Y,IPXXU
Y,IPXXW
Y,IQ
Y,IQDE
Y,IQDF
Y,IQDG
Y,IQDY
Y,IQHI
Y,IQI
Y,IQIN
Y,IQLT
Y,IQM
Y,IQQQ
Y,IQRA
Y,IQSI
Y,IQSM
Y,IQSU
Y,IQV
Y,IR
Y,IRBT
Y,IRD
Y,IRDM
Y,IREN
Y,IRET
Y,IRIX
Y,IRM
Y,IRMD
Y,IROH
Y,IROHR
Y,IROHU
Y,IROHW
Y,IRON
Y,IROQ
Y,IRS
Y,IRS.W
Y,IRT
Y,IRTC
Y,IRTR
Y,IRVH
Y,IRWD
Y,ISCB
Y,ISCF
Y,ISCG
Y,ISCV
Y,ISD
Y,ISDB
Y,ISDR
Y,ISEP
Y,ISHG
Y,ISHP
Y,ISMD
Y,ISPC
Y,ISPO
Y,ISPOW
Y,ISPR
Y,ISPY
Y,ISRA
Y,ISRG
Y,ISRL
Y,ISRLU
Y,ISRLW
Y,ISSC
Y,ISTB
Y,ISTR
Y,ISVL
Y,ISWN
Y,IT
Y,ITA
Y,ITAN
Y,ITB
Y,ITCI
Y,ITDA
Y,ITDB
Y,ITDC
Y,ITDD
Y,ITDE
Y,ITDF
Y,ITDG
Y,ITDH
Y,ITDI
Y,ITDJ
Y,ITEQ
Y,ITGR
Y,ITIC
Y,ITM
Y,ITOS
Y,ITOT
Y,ITP
Y,ITRG
Y,ITRI
Y,ITRM
Y,ITRN
Y,ITT
Y,ITUB
Y,ITW
Y,ITWO
Y,IUS
Y,IUSB
Y,IUSG
Y,IUSV
Y,IVA
Y,IVAC
Y,IVAL
Y,IVCA
Y,IVCAU
Y,IVCAW
Y,IVCB
Y,IVCBU
Y,IVCBW
Y,IVCP
Y,IVCPU
Y,IVCPW
Y,IVDA
Y,IVDAW
Y,IVE
Y,IVEG
Y,IVLU
Y,IVOG
Y,IVOL
Y,IVOO
Y,IVOV
Y,IVP
Y,IVR
Y,IVRA
Y,IVRS
Y,IVT
Y,IVV
Y,IVVB
Y,IVVD
Y,IVVM
Y,IVVW
Y,IVW
Y,IVZ
Y,IWB
Y,IWC
Y,IWD
Y,IWDL
Y,IWF
Y,IWFG
Y,IWFL
Y,IWL
Y,IWLG
Y,IWM
Y,IWMI
Y,IWML
Y,IWMW
Y,IWMY
Y,IWN
Y,IWO
Y,IWP
Y,IWR
Y,IWS
Y,IWTR
Y,IWV
Y,IWX
Y,IWY
Y,IX
Y,IXC
Y,IXG
Y,IXHL
Y,IXJ
Y,IXN
Y,IXP
Y,IXUS
Y,IYC
Y,IYE
Y,IYF
Y,IYG
Y,IYH
Y,IYJ
Y,IYK
Y,IYLD
Y,IYM
Y,IYR
Y,IYT
Y,IYW
Y,IYY
Y,IYZ
Y,IZEA
Y,IZM
Y,IZRL
Y,IZTC
Y,J
Y,JAAA
Y,JACK
Y,JADE
Y,JAGX
Y,JAJL
Y,JAKK
Y,JAMF
Y,JAND
Y,JANH
Y,JANJ
Y,JANP
Y,JANQ
Y,JANT
Y,JANW
Y,JANX
Y,JANZ
Y,JAVA
Y,JAZZ
Y,JBBB
Y,JBDI
Y,JBGS
Y,JBHT
Y,JBI
Y,JBK
Y,JBL
Y,JBLU
Y,JBND
Y,JBSS
Y,JBT
Y,JCE
Y,JCHI
Y,JCI
Y,JCPB
Y,JCPI
Y,JCSE
Y,JCTC
Y,JCTR
Y,JD
Y,JDIV
Y,JDOC
Y,JDST
Y,JDVI
Y,JDZG
Y,JEF
Y,JELD
Y,JEMA
Y,JEMB
Y,JEPI
Y,JEPQ
Y,JEQ
Y,JETD
Y,JETS
Y,JETU
Y,JFBR
Y,JFBRW
Y,JFIN
Y,JFR
Y,JFU
Y,JFWD
Y,JG
Y,JGH
Y,JGLO
Y,JGRO
Y,JGRW
Y,JHAC
Y,JHCB
Y,JHDV
Y,JHEM
Y,JHG
Y,JHHY
Y,JHI
Y,JHID
Y,JHMB
Y,JHMD
Y,JHML
Y,JHMM
Y,JHMU
Y,JHPI
Y,JHS
Y,JHSC
Y,JHX
Y,JIG
Y,JIII
Y,JILL
Y,JIRE
Y,JIVE
Y,JJSF
Y,JKHY
Y,JKS
Y,JL
Y,JLL
Y,JLQD
Y,JLS
Y,JMBS
Y,JMEE
Y,JMHI
Y,JMIA
Y,JMID
Y,JMM
Y,JMOM
Y,JMSB
Y,JMSI
Y,JMST
Y,JMUB
Y,JNEU
Y,JNJ
Y,JNK
Y,JNPR
Y,JNUG
Y,JNVR
Y,JOB
Y,JOBY
Y,JOBY.W
Y,JOE
Y,JOET
Y,JOF
Y,JOJO
Y,JOUT
Y,JPAN
Y,JPC
Y,JPEF
Y,JPEM
Y,JPI
Y,JPIB
Y,JPIE
Y,JPIN
Y,JPLD
Y,JPM
Y,JPMB
Y,JPME
Y,JPMO
Y,JPRE
Y,JPSE
Y,JPST
Y,JPSV
Y,JPUS
Y,JPXN
Y,JQC
Y,JQUA
Y,JRE
Y,JRI
Y,JRS
Y,JRSH
Y,JRVR
Y,JSCP
Y,JSI
Y,JSM
Y,JSMD
Y,JSML
Y,JSPR
Y,JSPRW
Y,JSTC
Y,JTAI
Y,JTEK
Y,JUCY
Y,JULD
Y,JULH
Y,JULJ
Y,JULM
Y,JULP
Y,JULQ
Y,JULT
Y,JULU
Y,JULW
Y,JULZ
Y,JUNE
Y,JUNM
Y,JUNP
Y,JUNT
Y,JUNW
Y,JUNZ
Y,JUST
Y,JVA
Y,JVAL
Y,JVSA
Y,JVSAR
Y,JVSAU
Y,JWEL
Y,JWN
Y,JXI
Y,JXJT
Y,JXN
Y,JYD
Y,JYNT
Y,JZ
Y,JZXN
Y,K
Y,KACL
Y,KACLR
Y,KACLU
Y,KACLW
Y,KAI
Y,KALA
Y,KALL
Y,KALU
Y,KALV
Y,KAPA
Y,KAPR
Y,KAR
Y,KARO
Y,KARS
Y,KAUG
Y,KAVL
Y,KB
Y,KBA
Y,KBDC
Y,KBE
Y,KBH
Y,KBR
Y,KBUF
Y,KBWB
Y,KBWD
Y,KBWP
Y,KBWR
Y,KBWY
Y,KC
Y,KCAI
Y,KCCA
Y,KCE
Y,KCSH
Y,KD
Y,KDLY
Y,KDLYW
Y,KDP
Y,KDRN
Y,KE
Y,KEAT
Y,KELYA
Y,KELYB
Y,KEM
Y,KEMQ
Y,KEMX
Y,KEN
Y,KEP
Y,KEQU
Y,KEUA
Y,KEX
Y,KEY
Y,KEYS
Y,KF
Y,KFFB
Y,KFRC
Y,KFS
Y,KFY
Y,KGC
Y,KGEI
Y,KGRN
Y,KGS
Y,KHC
Y,KHPI
Y,KHYB
Y,KIDS
Y,KIE
Y,KIM
Y,KIND
Y,KINS
Y,KIO
Y,KIRK
Y,KITT
Y,KITTW
Y,KJAN
Y,KJUL
Y,KJUN
Y,KKR
Y,KKRS
Y,KLAC
Y,KLC
Y,KLG
Y,KLIC
Y,KLIP
Y,KLMT
Y,KLTO
Y,KLTOW
Y,KLTR
Y,KLXE
Y,KLXY
Y,KMB
Y,KMDA
Y,KMI
Y,KMID
Y,KMLM
Y,KMPB
Y,KMPR
Y,KMT
Y,KMX
Y,KN
Y,KNCT
Y,KNDI
Y,KNF
Y,KNG
Y,KNGS
Y,KNGZ
Y,KNO
Y,KNOP
Y,KNOV
Y,KNOW
Y,KNSA
Y,KNSL
Y,KNTK
Y,KNW
Y,KNX
Y,KO
Y,KOCG
Y,KOCT
Y,KOD
Y,KODK
Y,KOF
Y,KOKU
Y,KOLD
Y,KOMP
Y,KONG
Y,KOOL
Y,KOP
Y,KOPN
Y,KORE
Y,KORP
Y,KORU
Y,KOS
Y,KOSS
Y,KPLT
Y,KPLTW
Y,KPOP
Y,KPRO
Y,KPRX
Y,KPTI
Y,KQQQ
Y,KR
Y,KRBN
Y,KRC
Y,KRE
Y,KREF
Y,KRG
Y,KRKR
Y,KRMA
Y,KRMD
Y,KRNT
Y,KRNY
Y,KRO
Y,KRON
Y,KROP
Y,KROS
Y,KRP
Y,KRRO
Y,KRT
Y,KRUS
Y,KRUZ
Y,KRYS
Y,KSA
Y,KSCP
Y,KSEA
Y,KSEP
Y,KSPI
Y,KSPY
Y,KSS
Y,KSTR
Y,KT
Y,KTB
Y,KTCC
Y,KTEC
Y,KTF
Y,KTH
Y,KTN
Y,KTOS
Y,KTTA
Y,KTTAW
Y,KUKE
Y,KULR
Y,KURA
Y,KURE
Y,KVAC
Y,KVACU
Y,KVACW
Y,KVHI
Y,KVLE
Y,KVUE
Y,KVYO
Y,KW
Y,KWE
Y,KWEB
Y,KWESW
Y,KWR
Y,KWT
Y,KXI
Y,KXIN
Y,KYMR
Y,KYN
Y,KYTX
Y,KZIA
Y,KZR
Y,L
Y,LAAC
Y,LAB
Y,LABD
Y,LABU
Y,LAC
Y,LAD
Y,LADR
Y,LAES
Y,LAKE
Y,LALT
Y,LAMR
Y,LANC
Y,LAND
Y,LANDM
Y,LANDO
Y,LANDP
Y,LANV
Y,LANV.W
Y,LAPR
Y,LARK
Y,LASE
Y,LASR
Y,LATG
Y,LATGU
Y,LAUR
Y,LAW
Y,LAZ
Y,LAZR
Y,LB
Y,LBAY
Y,LBGJ
Y,LBO
Y,LBPH
Y,LBRDA
Y,LBRDK
Y,LBRDP
Y,LBRT
Y,LBTYA
Y,LBTYB
Y,LBTYK
Y,LC
Y,LCDS
Y,LCF
Y,LCFY
Y,LCFYW
Y,LCG
Y,LCID
Y,LCII
Y,LCLG
Y,LCNB
Y,LCR
Y,LCTD
Y,LCTU
Y,LCTX
Y,LCUT
Y,LDEM
Y,LDI
Y,LDOS
Y,LDP
Y,LDRC
Y,LDRH
Y,LDRI
Y,LDRT
Y,LDSF
Y,LDTC
Y,LDTCW
Y,LDUR
Y,LDWY
Y,LE
Y,LEA
Y,LEAD
Y,LECO
Y,LEDS
Y,LEE
Y,LEG
Y,LEGH
Y,LEGN
Y,LEGR
Y,LEGT
Y,LEGT.U
Y,LEGT.W
Y,LEMB
Y,LEN
Y,LEN.B
Y,LENZ
Y,LEO
Y,LESL
Y,LEU
Y,LEV
Y,LEV.A
Y,LEV.W
Y,LEVI
Y,LEXI
Y,LEXX
Y,LEXXW
Y,LFAE
Y,LFAF
Y,LFAI
Y,LFAJ
Y,LFAK
Y,LFAL
Y,LFAN
Y,LFAO
Y,LFAQ
Y,LFAR
Y,LFAU
Y,LFAV
Y,LFAW
Y,LFAX
Y,LFAZ
Y,LFBB
Y,LFCR
Y,LFEQ
Y,LFLY
Y,LFLYW
Y,LFMD
Y,LFMDP
Y,LFSC
Y,LFST
Y,LFT
Y,LFUS
Y,LFVN
Y,LFWD
Y,LGCB
Y,LGCL
Y,LGCY
Y,LGF.A
Y,LGF.B
Y,LGH
Y,LGHL
Y,LGHLW
Y,LGHT
Y,LGI
Y,LGIH
Y,LGL
Y,LGL.W
Y,LGLV
Y,LGMK
Y,LGND
Y,LGO
Y,LGOV
Y,LGRO
Y,LGTY
Y,LGVN
Y,LH
Y,LHX
Y,LI
Y,LIAB
Y,LIAC
Y,LIAE
Y,LIAF
Y,LIAG
Y,LIAJ
Y,LIAK
Y,LIAM
Y,LIAO
Y,LIAP
Y,LIAQ
Y,LIAT
Y,LIAU
Y,LIAV
Y,LIAW
Y,LIAX
Y,LICN
Y,LICY
Y,LIDR
Y,LIDRW
Y,LIEN
Y,LIF
Y,LIFW
Y,LIFWW
Y,LIFWZ
Y,LII
Y,LILA
Y,LILAK
Y,LIMI
Y,LIN
Y,LINC
Y,LIND
Y,LINE
Y,LINK
Y,LION
Y,LIPO
Y,LIQT
Y,LIT
Y,LITB
Y,LITE
Y,LITM
Y,LITP
Y,LIVE
Y,LIVN
Y,LIVR
Y,LIXT
Y,LIXTW
Y,LJAN
Y,LJUL
Y,LKCO
Y,LKFN
Y,LKOR
Y,LKQ
Y,LLDR
Y,LLY
Y,LLYVA
Y,LLYVK
Y,LLYX
Y,LMAT
Y,LMB
Y,LMBO
Y,LMBS
Y,LMFA
Y,LMND
Y,LMND.W
Y,LMNR
Y,LMT
Y,LNC
Y,LND
Y,LNG
Y,LNGG
Y,LNGZ
Y,LNKB
Y,LNN
Y,LNSR
Y,LNT
Y,LNTH
Y,LNW
Y,LNZA
Y,LNZAW
Y,LOAN
Y,LOAR
Y,LOB
Y,LOBO
Y,LOCL
Y,LOCO
Y,LOCT
Y,LODE
Y,LOGC
Y,LOGI
Y,LOMA
Y,LONZ
Y,LOOP
Y,LOPE
Y,LOPP
Y,LOT
Y,LOTWW
Y,LOUP
Y,LOVE
Y,LOW
Y,LOWV
Y,LPA
Y,LPAA
Y,LPAAU
Y,LPAAW
Y,LPBBU
Y,LPCN
Y,LPG
Y,LPL
Y,LPLA
Y,LPRO
Y,LPSN
Y,LPTH
Y,LPTX
Y,LPX
Y,LQAI
Y,LQD
Y,LQDA
Y,LQDB
Y,LQDH
Y,LQDI
Y,LQDT
Y,LQDW
Y,LQIG
Y,LQR
Y,LRCX
Y,LRE
Y,LRFC
Y,LRGC
Y,LRGE
Y,LRGF
Y,LRGG
Y,LRHC
Y,LRMR
Y,LRN
Y,LRND
Y,LRNZ
Y,LSAF
Y,LSAK
Y,LSAT
Y,LSB
Y,LSBK
Y,LSBPW
Y,LSCC
Y,LSEA
Y,LSEAW
Y,LSEQ
Y,LSF
Y,LSGR
Y,LSH
Y,LSPD
Y,LSTA
Y,LSTR
Y,LTBR
Y,LTC
Y,LTH
Y,LTL
Y,LTM
Y,LTPZ
Y,LTRN
Y,LTRX
Y,LTRY
Y,LTRYW
Y,LU
Y,LUCD
Y,LUCY
Y,LUCYW
Y,LULU
Y,LUMN
Y,LUMO
Y,LUNA
Y,LUNG
Y,LUNR
Y,LUNRW
Y,LUV
Y,LUX
Y,LUXH
Y,LUXHP
Y,LUXX
Y,LVHD
Y,LVHI
Y,LVLU
Y,LVO
Y,LVOL
Y,LVRO
Y,LVROW
Y,LVS
Y,LVTX
Y,LVWR
Y,LVWR.W
Y,LW
Y,LWAY
Y,LWLG
Y,LX
Y,LXEH
Y,LXEO
Y,LXFR
Y,LXP
Y,LXRX
Y,LXU
Y,LYB
Y,LYEL
Y,LYFT
Y,LYG
Y,LYLD
Y,LYRA
Y,LYT
Y,LYTS
Y,LYV
Y,LZ
Y,LZB
Y,LZM
Y,LZM.W
Y,M
Y,MA
Y,MAA
Y,MAC
Y,MACI
Y,MACIU
Y,MACIW
Y,MADE
Y,MAG
Y,MAGA
Y,MAGG
Y,MAGN
Y,MAGQ
Y,MAGS
Y,MAGX
Y,MAIA
Y,MAIN
Y,MAKX
Y,MAMA
Y,MAMB
Y,MAMO
Y,MAN
Y,MANH
Y,MANU
Y,MAPP
Y,MAPS
Y,MAPSW
Y,MAR
Y,MARA
Y,MARB
Y,MARM
Y,MARPS
Y,MART
Y,MARW
Y,MARX
Y,MARXR
Y,MARXU
Y,MARZ
Y,MAS
Y,MASI
Y,MASS
Y,MAT
Y,MATH
Y,MATV
Y,MATW
Y,MATX
Y,MAV
Y,MAX
Y,MAXI
Y,MAXJ
Y,MAXN
Y,MAYP
Y,MAYS
Y,MAYT
Y,MAYU
Y,MAYW
Y,MAYZ
Y,MBAV
Y,MBAVU
Y,MBAVW
Y,MBB
Y,MBBB
Y,MBC
Y,MBCC
Y,MBCN
Y,MBI
Y,MBIN
Y,MBINM
Y,MBINN
Y,MBINO
Y,MBIO
Y,MBLY
Y,MBND
Y,MBNE
Y,MBNKP
Y,MBOT
Y,MBOX
Y,MBRX
Y,MBS
Y,MBSD
Y,MBSF
Y,MBUU
Y,MBWM
Y,MBX
Y,MC
Y,MCAG
Y,MCAGR
Y,MCAGU
Y,MCB
Y,MCBS
Y,MCD
Y,MCDS
Y,MCFT
Y,MCH
Y,MCHI
Y,MCHP
Y,MCHS
Y,MCHX
Y,MCI
Y,MCK
Y,MCN
Y,MCO
Y,MCR
Y,MCRB
Y,MCRI
Y,MCS
Y,MCSE
Y,MCVT
Y,MCW
Y,MCY
Y,MD
Y,MDAI
Y,MDAIW
Y,MDB
Y,MDBH
Y,MDCP
Y,MDCX
Y,MDCXW
Y,MDEV
Y,MDGL
Y,MDIA
Y,MDIV
Y,MDJH
Y,MDLV
Y,MDLZ
Y,MDPL
Y,MDRR
Y,MDRRP
Y,MDST
Y,MDT
Y,MDU
Y,MDV
Y,MDWD
Y,MDXG
Y,MDXH
Y,MDY
Y,MDYG
Y,MDYV
Y,ME
Y,MEAR
Y,MEC
Y,MED
Y,MEDI
Y,MEDP
Y,MEDX
Y,MEG
Y,MEGI
Y,MEGL
Y,MEI
Y,MEIP
Y,MELI
Y,MEM
Y,MEMS
Y,MEMX
Y,MEOH
Y,MERC
Y,MESA
Y,MESO
Y,MET
Y,META
Y,METC
Y,METCB
Y,METCL
Y,METD
Y,METU
Y,METV
Y,MEXX
Y,MFA
Y,MFAN
Y,MFAO
Y,MFC
Y,MFDX
Y,MFEM
Y,MFG
Y,MFH
Y,MFI
Y,MFIC
Y,MFICL
Y,MFIN
Y,MFLX
Y,MFM
Y,MFUL
Y,MFUS
Y,MFUT
Y,MG
Y,MGA
Y,MGC
Y,MGEE
Y,MGF
Y,MGIC
Y,MGIH
Y,MGK
Y,MGLD
Y,MGM
Y,MGMT
Y,MGNI
Y,MGNR
Y,MGNX
Y,MGOL
Y,MGOV
Y,MGPI
Y,MGR
Y,MGRB
Y,MGRC
Y,MGRD
Y,MGRE
Y,MGRM
Y,MGRO
Y,MGRX
Y,MGTX
Y,MGV
Y,MGX
Y,MGY
Y,MGYR
Y,MHD
Y,MHF
Y,MHH
Y,MHI
Y,MHK
Y,MHLA
Y,MHLD
Y,MHN
Y,MHNC
Y,MHO
Y,MHUA
Y,MI
Y,MID
Y,MIDD
Y,MIDE
Y,MIDU
Y,MIG
Y,MIGI
Y,MILN
Y,MIN
Y,MIND
Y,MINN
Y,MINO
Y,MINT
Y,MINV
Y,MIO
Y,MIR
Y,MIRA
Y,MIRM
Y,MISL
Y,MIST
Y,MITA
Y,MITAU
Y,MITAW
Y,MITK
Y,MITN
Y,MITP
Y,MITQ
Y,MITT
Y,MIY
Y,MJ
Y,MJUS
Y,MKAM
Y,MKC
Y,MKC.V
Y,MKDW
Y,MKDWW
Y,MKFG
Y,MKL
Y,MKOR
Y,MKSI
Y,MKTW
Y,MKTX
Y,MKZR
Y,ML
Y,ML.W
Y,MLAB
Y,MLCO
Y,MLDR
Y,MLEC
Y,MLECW
Y,MLGO
Y,MLI
Y,MLKN
Y,MLM
Y,MLN
Y,MLNK
Y,MLP
Y,MLPA
Y,MLPB
Y,MLPD
Y,MLPR
Y,MLPX
Y,MLR
Y,MLSS
Y,MLTX
Y,MLYS
Y,MMA
Y,MMC
Y,MMCA
Y,MMD
Y,MMI
Y,MMIN
Y,MMIT
Y,MMKT
Y,MMLG
Y,MMLP
Y,MMM
Y,MMS
Y,MMSC
Y,MMSI
Y,MMT
Y,MMTM
Y,MMU
Y,MMV
Y,MMVWW
Y,MMYT
Y,MNA
Y,MNBD
Y,MNDO
Y,MNDR
Y,MNDY
Y,MNKD
Y,MNMD
Y,MNOV
Y,MNPR
Y,MNR
Y,MNRO
Y,MNSB
Y,MNSBP
Y,MNSO
Y,MNST
Y,MNTK
Y,MNTL
Y,MNTN
Y,MNTN.U
Y,MNTN.W
Y,MNTS
Y,MNTSW
Y,MNTX
Y,MNY
Y,MNYWW
Y,MO
Y,MOAT
Y,MOB
Y,MOBBW
Y,MOBX
Y,MOBXW
Y,MOD
Y,MODD
Y,MODG
Y,MODL
Y,MODV
Y,MOFG
Y,MOG.A
Y,MOG.B
Y,MOGO
Y,MOGU
Y,MOH
Y,MOLN
Y,MOMO
Y,MOND
Y,MOO
Y,MOOD
Y,MORN
Y,MORT
Y,MOS
Y,MOTE
Y,MOTG
Y,MOTI
Y,MOTO
Y,MOV
Y,MOVE
Y,MP
Y,MPA
Y,MPAA
Y,MPAY
Y,MPB
Y,MPC
Y,MPLN
Y,MPLX
Y,MPRO
Y,MPTI
Y,MPU
Y,MPV
Y,MPW
Y,MPWR
Y,MPX
Y,MQ
Y,MQQQ
Y,MQT
Y,MQY
Y,MRAM
Y,MRBK
Y,MRC
Y,MRCC
Y,MRCP
Y,MRCY
Y,MREO
Y,MRGR
Y,MRIN
Y,MRK
Y,MRKR
Y,MRM
Y,MRNA
Y,MRNO
Y,MRNOW
Y,MRNS
Y,MRNY
Y,MRO
Y,MRSK
Y,MRSN
Y,MRT
Y,MRTN
Y,MRUS
Y,MRVI
Y,MRVL
Y,MRX
Y,MS
Y,MSA
Y,MSAI
Y,MSAIW
Y,MSB
Y,MSBI
Y,MSBIP
Y,MSC
Y,MSCI
Y,MSD
Y,MSDL
Y,MSEX
Y,MSFD
Y,MSFL
Y,MSFO
Y,MSFT
Y,MSFU
Y,MSFX
Y,MSFY
Y,MSGE
Y,MSGM
Y,MSGS
Y,MSI
Y,MSM
Y,MSMR
Y,MSN
Y,MSOS
Y,MSOX
Y,MSS
Y,MSSA
Y,MSSAR
Y,MSSAU
Y,MSSAW
Y,MSSS
Y,MSTB
Y,MSTI
Y,MSTQ
Y,MSTR
Y,MSTU
Y,MSTX
Y,MSTY
Y,MSTZ
Y,MSVX
Y,MT
Y,MTA
Y,MTAL
Y,MTB
Y,MTBA
Y,MTC
Y,MTCH
Y,MTD
Y,MTDR
Y,MTEK
Y,MTEKW
Y,MTEM
Y,MTEN
Y,MTEX
Y,MTG
Y,MTGP
Y,MTH
Y,MTLS
Y,MTN
Y,MTNB
Y,MTR
Y,MTRN
Y,MTRX
Y,MTSI
Y,MTTR
Y,MTUL
Y,MTUM
Y,MTUS
Y,MTW
Y,MTX
Y,MTZ
Y,MU
Y,MUA
Y,MUB
Y,MUC
Y,MUD
Y,MUE
Y,MUFG
Y,MUI
Y,MUJ
Y,MULL
Y,MULN
Y,MUNI
Y,MUR
Y,MURA
Y,MUSA
Y,MUSI
Y,MUSQ
Y,MUST
Y,MUU
Y,MUX
Y,MVAL
Y,MVBF
Y,MVF
Y,MVFD
Y,MVFG
Y,MVIS
Y,MVO
Y,MVPA
Y,MVPL
Y,MVPS
Y,MVRL
Y,MVST
Y,MVSTW
Y,MVT
Y,MVV
Y,MWA
Y,MWG
Y,MX
Y,MXC
Y,MXCT
Y,MXE
Y,MXF
Y,MXI
Y,MXL
Y,MYCF
Y,MYCG
Y,MYCH
Y,MYCI
Y,MYCJ
Y,MYCK
Y,MYCL
Y,MYCM
Y,MYCN
Y,MYD
Y,MYE
Y,MYFW
Y,MYGN
Y,MYI
Y,MYLD
Y,MYMF
Y,MYMG
Y,MYMH
Y,MYMI
Y,MYMJ
Y,MYN
Y,MYNA
Y,MYND
Y,MYNZ
Y,MYO
Y,MYPS
Y,MYPSW
Y,MYRG
Y,MYSZ
Y,MYTE
Y,MYY
Y,MZZ
Y,NA
Y,NAAS
Y,NABL
Y,NAC
Y,NACP
Y,NAD
Y,NAII
Y,NAIL
Y,NAK
Y,NAMS
Y,NAMSW
Y,NAN
Y,NANC
Y,NANR
Y,NAOV
Y,NAPA
Y,NAPR
Y,NARI
Y,NAT
Y,NATH
Y,NATL
Y,NATO
Y,NATR
Y,NAUG
Y,NAUT
Y,NAVI
Y,NAYA
Y,NAZ
Y,NB
Y,NBB
Y,NBBK
Y,NBCC
Y,NBCE
Y,NBCM
Y,NBCR
Y,NBDS
Y,NBET
Y,NBFC
Y,NBGR
Y,NBH
Y,NBHC
Y,NBIS
Y,NBIX
Y,NBJP
Y,NBN
Y,NBOS
Y,NBR
Y,NBSD
Y,NBSM
Y,NBTB
Y,NBTX
Y,NBXG
Y,NBY
Y,NC
Y,NCA
Y,NCDL
Y,NCI
Y,NCL
Y,NCLH
Y,NCMI
Y,NCNA
Y,NCNC
Y,NCNCW
Y,NCNO
Y,NCPB
Y,NCPL
Y,NCPLW
Y,NCRA
Y,NCSM
Y,NCTY
Y,NCV
Y,NCZ
Y,NDAA
Y,NDAQ
Y,NDIA
Y,NDIV
Y,NDLS
Y,NDMO
Y,NDOW
Y,NDP
Y,NDRA
Y,NDSN
Y,NDVG
Y,NE
Y,NE.A
Y,NE.W
Y,NEA
Y,NEAR
Y,NECB
Y,NEE
Y,NEGG
Y,NEM
Y,NEN
Y,NEO
Y,NEOG
Y,NEON
Y,NEOV
Y,NEOVW
Y,NEP
Y,NEPH
Y,NERD
Y,NERV
Y,NESR
Y,NESRW
Y,NET
Y,NETD
Y,NETDU
Y,NETDW
Y,NETL
Y,NETZ
Y,NEU
Y,NEUE
Y,NEWP
Y,NEWT
Y,NEWTG
Y,NEWTH
Y,NEWTI
Y,NEWTZ
Y,NEWZ
Y,NEXA
Y,NEXN
Y,NEXT
Y,NFBK
Y,NFE
Y,NFG
Y,NFGC
Y,NFJ
Y,NFLP
Y,NFLT
Y,NFLU
Y,NFLX
Y,NFLY
Y,NFRA
Y,NFTY
Y,NFXL
Y,NFXS
Y,NG
Y,NGD
Y,NGG
Y,NGL
Y,NGNE
Y,NGS
Y,NGVC
Y,NGVT
Y,NHC
Y,NHI
Y,NHS
Y,NHTC
Y,NI
Y,NIC
Y,NICE
Y,NIE
Y,NIKL
Y,NIM
Y,NINE
Y,NIO
Y,NIOBW
Y,NIPG
Y,NISN
Y,NITE
Y,NITO
Y,NIU
Y,NIVF
Y,NIVFW
Y,NIXT
Y,NIXX
Y,NIXXW
Y,NJAN
Y,NJNK
Y,NJR
Y,NJUL
Y,NJUN
Y,NKE
Y,NKGN
Y,NKGNW
Y,NKLA
Y,NKSH
Y,NKTR
Y,NKTX
Y,NKX
Y,NL
Y,NLOP
Y,NLR
Y,NLSP
Y,NLSPW
Y,NLY
Y,NMAI
Y,NMB
Y,NMCO
Y,NMFC
Y,NMFCZ
Y,NMG
Y,NMHI
Y,NMHIW
Y,NMI
Y,NMIH
Y,NML
Y,NMM
Y,NMR
Y,NMRA
Y,NMRK
Y,NMS
Y,NMT
Y,NMTC
Y,NMZ
Y,NN
Y,NNAVW
Y,NNBR
Y,NNDM
Y,NNE
Y,NNI
Y,NNN
Y,NNOV
Y,NNOX
Y,NNVC
Y,NNY
Y,NOA
Y,NOAH
Y,NOBL
Y,NOC
Y,NOCT
Y,NODK
Y,NOG
Y,NOK
Y,NOM
Y,NOMD
Y,NORW
Y,NOTE
Y,NOTE.W
Y,NOTV
Y,NOV
Y,NOVA
Y,NOVP
Y,NOVT
Y,NOVV
Y,NOVVR
Y,NOVVU
Y,NOVVW
Y,NOVZ
Y,NOW
Y,NPCE
Y,NPCT
Y,NPFD
Y,NPFI
Y,NPK
Y,NPO
Y,NPV
Y,NPWR
Y,NPWR.W
Y,NQP
Y,NR
Y,NRBO
Y,NRC
Y,NRDS
Y,NRDY
Y,NREF
Y,NRES
Y,NRG
Y,NRGV
Y,NRIM
Y,NRIX
Y,NRK
Y,NRO
Y,NRP
Y,NRSH
Y,NRSN
Y,NRSNW
Y,NRT
Y,NRUC
Y,NRXP
Y,NRXPW
Y,NRXS
Y,NSA
Y,NSC
Y,NSCR
Y,NSCS
Y,NSEP
Y,NSI
Y,NSIT
Y,NSP
Y,NSPR
Y,NSSC
Y,NSTS
Y,NSYS
Y,NTAP
Y,NTB
Y,NTCT
Y,NTES
Y,NTEST
Y,NTEST.A
Y,NTEST.B
Y,NTEST.C
Y,NTG
Y,NTGR
Y,NTIC
Y,NTIP
Y,NTLA
Y,NTNX
Y,NTR
Y,NTRA
Y,NTRB
Y,NTRBW
Y,NTRP
Y,NTRS
Y,NTRSO
Y,NTSE
Y,NTSI
Y,NTST
Y,NTSX
Y,NTWK
Y,NTWOU
Y,NTZ
Y,NU
Y,NUAG
Y,NUBD
Y,NUDM
Y,NUDV
Y,NUE
Y,NUEM
Y,NUGO
Y,NUGT
Y,NUHY
Y,NUKK
Y,NUKKW
Y,NUKZ
Y,NULC
Y,NULG
Y,NULV
Y,NUMG
Y,NUMV
Y,NURE
Y,NURO
Y,NUS
Y,NUSA
Y,NUSB
Y,NUSC
Y,NUSI
Y,NUTX
Y,NUV
Y,NUVB
Y,NUVB.W
Y,NUVL
Y,NUW
Y,NUWE
Y,NVA
Y,NVAC
Y,NVACR
Y,NVACW
Y,NVAWW
Y,NVAX
Y,NVBT
Y,NVBU
Y,NVBW
Y,NVCR
Y,NVCT
Y,NVD
Y,NVDA
Y,NVDD
Y,NVDL
Y,NVDQ
Y,NVDS
Y,NVDU
Y,NVDW
Y,NVDX
Y,NVDY
Y,NVEC
Y,NVEE
Y,NVEI
Y,NVFY
Y,NVG
Y,NVGS
Y,NVIR
Y,NVMI
Y,NVNI
Y,NVNIW
Y,NVNO
Y,NVO
Y,NVR
Y,NVRI
Y,NVRO
Y,NVS
Y,NVST
Y,NVT
Y,NVTS
Y,NVVE
Y,NVVEW
Y,NVX
Y,NWBI
Y,NWE
Y,NWFL
Y,NWG
Y,NWGL
Y,NWL
Y,NWLG
Y,NWN
Y,NWPX
Y,NWS
Y,NWSA
Y,NWTN
Y,NWTNW
Y,NX
Y,NXC
Y,NXDT
Y,NXE
Y,NXG
Y,NXGL
Y,NXGLW
Y,NXJ
Y,NXL
Y,NXLIW
Y,NXN
Y,NXP
Y,NXPI
Y,NXPL
Y,NXPLW
Y,NXRT
Y,NXST
Y,NXT
Y,NXTC
Y,NXTE
Y,NXTG
Y,NXTI
Y,NXTT
Y,NXTV
Y,NXU
Y,NYAX
Y,NYC
Y,NYF
Y,NYMT
Y,NYMTI
Y,NYMTL
Y,NYMTM
Y,NYMTN
Y,NYMTZ
Y,NYT
Y,NYXH
Y,NZAC
Y,NZF
Y,NZUS
Y,O
Y,OABI
Y,OABIW
Y,OACCU
Y,OACP
Y,OAEM
Y,OAIM
Y,OAKU
Y,OAKUR
Y,OAKUU
Y,OAKUW
Y,OALC
Y,OARK
Y,OASC
Y,OB
Y,OBDC
Y,OBDE
Y,OBE
Y,OBIL
Y,OBIO
Y,OBK
Y,OBLG
Y,OBND
Y,OBOR
Y,OBT
Y,OC
Y,OCC
Y,OCCI
Y,OCCIM
Y,OCCIN
Y,OCCIO
Y,OCEA
Y,OCEAW
Y,OCEN
Y,OCFC
Y,OCFCP
Y,OCFS
Y,OCFT
Y,OCG
Y,OCGN
Y,OCIO
Y,OCS
Y,OCSAW
Y,OCSL
Y,OCTA
Y,OCTD
Y,OCTH
Y,OCTJ
Y,OCTM
Y,OCTO
Y,OCTP
Y,OCTQ
Y,OCTT
Y,OCTU
Y,OCTW
Y,OCTZ
Y,OCUL
Y,OCX
Y,ODC
Y,ODD
Y,ODDS
Y,ODFL
Y,ODP
Y,ODV
Y,ODVWZ
Y,OEC
Y,OEF
Y,OESX
Y,OEUR
Y,OFG
Y,OFIX
Y,OFLX
Y,OFOS
Y,OFS
Y,OFSSH
Y,OGCP
Y,OGE
Y,OGEN
Y,OGI
Y,OGIG
Y,OGN
Y,OGS
Y,OGSP
Y,OHI
Y,OI
Y,OIA
Y,OIH
Y,OII
Y,OILD
Y,OILK
Y,OILT
Y,OILU
Y,OIS
Y,OKE
Y,OKLO
Y,OKTA
Y,OKUR
Y,OKYO
Y,OLB
Y,OLED
Y,OLLI
Y,OLMA
Y,OLN
Y,OLO
Y,OLP
Y,OLPX
Y,OM
Y,OMAB
Y,OMC
Y,OMCC
Y,OMCL
Y,OMER
Y,OMEX
Y,OMF
Y,OMFL
Y,OMFS
Y,OMGA
Y,OMH
Y,OMI
Y,OMIC
Y,ON
Y,ONB
Y,ONBPO
Y,ONBPP
Y,ONCO
Y,ONCT
Y,ONCY
Y,OND
Y,ONDS
Y,ONEO
Y,ONEQ
Y,ONEV
Y,ONEW
Y,ONEY
Y,ONFO
Y,ONFOW
Y,ONIT
Y,ONL
Y,ONLN
Y,ONMD
Y,ONMDW
Y,ONOF
Y,ONON
Y,ONTF
Y,ONTO
Y,ONVO
Y,OOMA
Y,OOSP
Y,OOTO
Y,OP
Y,OPAD
Y,OPAL
Y,OPBK
Y,OPCH
Y,OPEN
Y,OPER
Y,OPFI
Y,OPFI.W
Y,OPHC
Y,OPI
Y,OPINL
Y,OPK
Y,OPOF
Y,OPP
Y,OPRA
Y,OPRT
Y,OPRX
Y,OPT
Y,OPTN
Y,OPTT
Y,OPTX
Y,OPTXW
Y,OPTZ
Y,OPXS
Y,OPY
Y,OR
Y,ORA
Y,ORC
Y,ORCL
Y,ORGN
Y,ORGNW
Y,ORGO
Y,ORI
Y,ORIC
Y,ORIS
Y,ORKA
Y,ORKT
Y,ORLA
Y,ORLY
Y,ORMP
Y,ORN
Y,ORRF
Y,OS
Y,OSBC
Y,OSCR
Y,OSCV
Y,OSEA
Y,OSIS
Y,OSK
Y,OSPN
Y,OSS
Y,OST
Y,OSTX
Y,OSUR
Y,OSW
Y,OTEX
Y,OTIS
Y,OTLK
Y,OTLY
Y,OTRK
Y,OTTR
Y,OUNZ
Y,OUSA
Y,OUSM
Y,OUST
Y,OUST.A
Y,OUST.W
Y,OUT
Y,OVB
Y,OVBC
Y,OVF
Y,OVID
Y,OVL
Y,OVLH
Y,OVLY
Y,OVM
Y,OVS
Y,OVT
Y,OVV
Y,OWL
Y,OWLT
Y,OWNS
Y,OXBR
Y,OXBRW
Y,OXLC
Y,OXLCI
Y,OXLCL
Y,OXLCN
Y,OXLCO
Y,OXLCP
Y,OXLCZ
Y,OXM
Y,OXSQ
Y,OXSQG
Y,OXSQZ
Y,OXY
Y,OXY.W
Y,OZ
Y,OZEM
Y,OZK
Y,OZKAP
Y,PAA
Y,PAAA
Y,PAAS
Y,PAB
Y,PABD
Y,PABU
Y,PAC
Y,PACB
Y,PACK
Y,PACS
Y,PAG
Y,PAGP
Y,PAGS
Y,PAHC
Y,PAI
Y,PAL
Y,PALC
Y,PALI
Y,PALL
Y,PALT
Y,PAM
Y,PAMC
Y,PAMT
Y,PANL
Y,PANW
Y,PAPI
Y,PAPL
Y,PAPR
Y,PAR
Y,PARA
Y,PARAA
Y,PARR
Y,PASG
Y,PATH
Y,PATK
Y,PATN
Y,PAUG
Y,PAVE
Y,PAVM
Y,PAVMZ
Y,PAVS
Y,PAWZ
Y,PAX
Y,PAXS
Y,PAY
Y,PAYC
Y,PAYO
Y,PAYS
Y,PAYX
Y,PB
Y,PBA
Y,PBAP
Y,PBAU
Y,PBBK
Y,PBD
Y,PBDC
Y,PBDE
Y,PBE
Y,PBF
Y,PBFB
Y,PBFR
Y,PBFS
Y,PBH
Y,PBHC
Y,PBI
Y,PBJ
Y,PBJA
Y,PBJL
Y,PBJN
Y,PBL
Y,PBM
Y,PBMR
Y,PBMWW
Y,PBMY
Y,PBNV
Y,PBOC
Y,PBP
Y,PBPB
Y,PBR
Y,PBR.A
Y,PBSE
Y,PBT
Y,PBTP
Y,PBUS
Y,PBW
Y,PBYI
Y,PC
Y,PCAR
Y,PCB
Y,PCCE
Y,PCEF
Y,PCEM
Y,PCF
Y,PCG
Y,PCGG
Y,PCH
Y,PCIG
Y,PCK
Y,PCM
Y,PCN
Y,PCOR
Y,PCQ
Y,PCRB
Y,PCRX
Y,PCSA
Y,PCSC
Y,PCT
Y,PCTTU
Y,PCTTW
Y,PCTY
Y,PCVX
Y,PCY
Y,PCYO
Y,PD
Y,PDBA
Y,PDBC
Y,PDCC
Y,PDCO
Y,PDD
Y,PDEC
Y,PDEX
Y,PDFS
Y,PDI
Y,PDLB
Y,PDM
Y,PDN
Y,PDO
Y,PDP
Y,PDS
Y,PDSB
Y,PDT
Y,PDX
Y,PDYN
Y,PDYNW
Y,PEB
Y,PEBK
Y,PEBO
Y,PECO
Y,PED
Y,PEG
Y,PEGA
Y,PEGY
Y,PEJ
Y,PEMX
Y,PEN
Y,PENG
Y,PENN
Y,PEO
Y,PEP
Y,PEPG
Y,PEPS
Y,PERF
Y,PERF.W
Y,PERI
Y,PESI
Y,PET
Y,PETS
Y,PETWW
Y,PETZ
Y,PEV
Y,PEX
Y,PEXL
Y,PEY
Y,PEZ
Y,PFBC
Y,PFC
Y,PFD
Y,PFE
Y,PFEB
Y,PFF
Y,PFFA
Y,PFFD
Y,PFFL
Y,PFFR
Y,PFFV
Y,PFG
Y,PFGC
Y,PFH
Y,PFI
Y,PFIE
Y,PFIG
Y,PFIS
Y,PFIX
Y,PFL
Y,PFLD
Y,PFLT
Y,PFM
Y,PFMT
Y,PFN
Y,PFO
Y,PFRL
Y,PFS
Y,PFSI
Y,PFTA
Y,PFTAU
Y,PFTAW
Y,PFUT
Y,PFX
Y,PFXF
Y,PFXNZ
Y,PG
Y,PGC
Y,PGEN
Y,PGF
Y,PGHL
Y,PGHY
Y,PGJ
Y,PGNY
Y,PGP
Y,PGR
Y,PGRE
Y,PGRO
Y,PGRU
Y,PGX
Y,PGY
Y,PGYWW
Y,PGZ
Y,PH
Y,PHAR
Y,PHAT
Y,PHB
Y,PHD
Y,PHDG
Y,PHEQ
Y,PHG
Y,PHGE
Y,PHI
Y,PHIN
Y,PHIO
Y,PHK
Y,PHM
Y,PHO
Y,PHR
Y,PHT
Y,PHUN
Y,PHVS
Y,PHX
Y,PHYD
Y,PHYL
Y,PHYS
Y,PI
Y,PICB
Y,PICK
Y,PID
Y,PIE
Y,PIEQ
Y,PIFI
Y,PII
Y,PIII
Y,PIIIW
Y,PIK
Y,PILL
Y,PIM
Y,PIN
Y,PINC
Y,PINE
Y,PINK
Y,PINS
Y,PIO
Y,PIPR
Y,PIRS
Y,PIT
Y,PITA
Y,PITAW
Y,PIZ
Y,PJAN
Y,PJBF
Y,PJFG
Y,PJFM
Y,PJFV
Y,PJIO
Y,PJP
Y,PJT
Y,PJUL
Y,PJUN
Y,PK
Y,PKB
Y,PKBK
Y,PKE
Y,PKG
Y,PKOH
Y,PKST
Y,PKW
Y,PKX
Y,PL
Y,PL.W
Y,PLAB
Y,PLAG
Y,PLAO
Y,PLAOU
Y,PLAOW
Y,PLAY
Y,PLBC
Y,PLBY
Y,PLCE
Y,PLD
Y,PLDR
Y,PLG
Y,PLL
Y,PLMJ
Y,PLMJU
Y,PLMJW
Y,PLMR
Y,PLNT
Y,PLOW
Y,PLPC
Y,PLRX
Y,PLRZ
Y,PLSE
Y,PLTK
Y,PLTM
Y,PLTR
Y,PLTY
Y,PLUG
Y,PLUR
Y,PLUS
Y,PLX
Y,PLXS
Y,PLYA
Y,PLYM
Y,PM
Y,PMAR
Y,PMAX
Y,PMAY
Y,PMBS
Y,PMCB
Y,PMD
Y,PMEC
Y,PMF
Y,PMIO
Y,PML
Y,PMM
Y,PMN
Y,PMNT
Y,PMO
Y,PMT
Y,PMTS
Y,PMTU
Y,PMVP
Y,PMX
Y,PNBK
Y,PNC
Y,PNF
Y,PNFP
Y,PNFPP
Y,PNI
Y,PNNT
Y,PNOV
Y,PNQI
Y,PNR
Y,PNRG
Y,PNST
Y,PNST.W
Y,PNTG
Y,PNW
Y,POAI
Y,POCI
Y,POCT
Y,PODC
Y,PODD
Y,POET
Y,POLA
Y,POLE
Y,POLEU
Y,POLEW
Y,POOL
Y,POR
Y,POST
Y,POWA
Y,POWI
Y,POWL
Y,POWW
Y,POWWP
Y,PP
Y,PPA
Y,PPBI
Y,PPBT
Y,PPC
Y,PPEM
Y,PPG
Y,PPH
Y,PPI
Y,PPIE
Y,PPIH
Y,PPL
Y,PPLT
Y,PPSI
Y,PPT
Y,PPTA
Y,PPTY
Y,PPYA
Y,PPYAU
Y,PPYAW
Y,PQDI
Y,PR
Y,PRA
Y,PRAA
Y,PRAE
Y,PRAX
Y,PRAY
Y,PRCH
Y,PRCT
Y,PRDO
Y,PRE
Y,PREF
Y,PRENW
Y,PRF
Y,PRFD
Y,PRFX
Y,PRFZ
Y,PRG
Y,PRGO
Y,PRGS
Y,PRH
Y,PRI
Y,PRIM
Y,PRK
Y,PRKS
Y,PRLB
Y,PRLD
Y,PRLH
Y,PRLHU
Y,PRLHW
Y,PRM
Y,PRMB
Y,PRME
Y,PRMN
Y,PRN
Y,PRNT
Y,PRO
Y,PROC
Y,PROCW
Y,PROF
Y,PROK
Y,PROP
Y,PROV
Y,PRPH
Y,PRPL
Y,PRPO
Y,PRQR
Y,PRS
Y,PRSO
Y,PRT
Y,PRTA
Y,PRTC
Y,PRTG
Y,PRTH
Y,PRTS
Y,PRU
Y,PRVA
Y,PRZO
Y,PSA
Y,PSBD
Y,PSC
Y,PSCC
Y,PSCD
Y,PSCE
Y,PSCF
Y,PSCH
Y,PSCI
Y,PSCJ
Y,PSCM
Y,PSCQ
Y,PSCT
Y,PSCU
Y,PSCW
Y,PSCX
Y,PSDM
Y,PSEC
Y,PSEP
Y,PSET
Y,PSF
Y,PSFD
Y,PSFE
Y,PSFE.W
Y,PSFF
Y,PSFJ
Y,PSFM
Y,PSFO
Y,PSH
Y,PSHG
Y,PSI
Y,PSIG
Y,PSIL
Y,PSK
Y,PSL
Y,PSLV
Y,PSMD
Y,PSMJ
Y,PSMO
Y,PSMR
Y,PSMT
Y,PSN
Y,PSNL
Y,PSNY
Y,PSNYW
Y,PSO
Y,PSP
Y,PSQ
Y,PSQA
Y,PSQH
Y,PSQH.W
Y,PSQO
Y,PSR
Y,PST
Y,PSTG
Y,PSTL
Y,PSTP
Y,PSTR
Y,PSTV
Y,PSTX
Y,PSWD
Y,PSX
Y,PT
Y,PTA
Y,PTBD
Y,PTC
Y,PTCT
Y,PTEC
Y,PTEN
Y,PTEU
Y,PTF
Y,PTGX
Y,PTH
Y,PTHL
Y,PTIN
Y,PTIR
Y,PTIX
Y,PTIXW
Y,PTL
Y,PTLC
Y,PTLE
Y,PTLO
Y,PTMC
Y,PTMN
Y,PTN
Y,PTNQ
Y,PTON
Y,PTPI
Y,PTRB
Y,PTVE
Y,PTY
Y,PUBM
Y,PUI
Y,PUK
Y,PULM
Y,PULS
Y,PULT
Y,PUMP
Y,PUSH
Y,PUTD
Y,PUTW
Y,PVAL
Y,PVBC
Y,PVH
Y,PVI
Y,PVL
Y,PW
Y,PWB
Y,PWER
Y,PWM
Y,PWOD
Y,PWP
Y,PWR
Y,PWS
Y,PWUP
Y,PWUPU
Y,PWUPW
Y,PWV
Y,PWZ
Y,PX
Y,PXDT
Y,PXE
Y,PXF
Y,PXH
Y,PXI
Y,PXJ
Y,PXLW
Y,PXS
Y,PXSAW
Y,PY
Y,PYCR
Y,PYLD
Y,PYN
Y,PYPD
Y,PYPL
Y,PYPY
Y,PYT
Y,PYXS
Y,PYZ
Y,PZA
Y,PZC
Y,PZG
Y,PZT
Y,PZZA
Y,QABA
Y,QAI
Y,QARP
Y,QAT
Y,QBER
Y,QBTS
Y,QBTS.W
Y,QBUF
Y,QBUL
Y,QCAP
Y,QCJL
Y,QCLN
Y,QCLR
Y,QCOC
Y,QCOM
Y,QCON
Y,QCRH
Y,QD
Y,QDCC
Y,QDEC
Y,QDEF
Y,QDEL
Y,QDF
Y,QDIV
Y,QDPL
Y,QDTE
Y,QDVO
Y,QEFA
Y,QEMM
Y,QETA
Y,QETAR
Y,QETAU
Y,QETH
Y,QFIN
Y,QFLR
Y,QGEN
Y,QGRO
Y,QGRW
Y,QH
Y,QHDG
Y,QHY
Y,QID
Y,QIG
Y,QINT
Y,QIPT
Y,QIS
Y,QJUN
Y,QLC
Y,QLD
Y,QLGN
Y,QLTA
Y,QLTI
Y,QLTY
Y,QLV
Y,QLVD
Y,QLVE
Y,QLYS
Y,QMAG
Y,QMAR
Y,QMCO
Y,QMID
Y,QMMM
Y,QMMY
Y,QMOM
Y,QNCX
Y,QNRX
Y,QNST
Y,QNTM
Y,QNXT
Y,QOMO
Y,QOMOR
Y,QOMOU
Y,QOMOW
Y,QOWZ
Y,QPFF
Y,QPX
Y,QQA
Y,QQEW
Y,QQH
Y,QQJG
Y,QQMG
Y,QQQ
Y,QQQA
Y,QQQD
Y,QQQE
Y,QQQG
Y,QQQI
Y,QQQJ
Y,QQQM
Y,QQQP
Y,QQQS
Y,QQQT
Y,QQQU
Y,QQQW
Y,QQQX
Y,QQQY
Y,QQXT
Y,QRFT
Y,QRHC
Y,QRMI
Y,QRTEA
Y,QRTEB
Y,QRTEP
Y,QRVO
Y,QS
Y,QSG
Y,QSI
Y,QSIAW
Y,QSIG
Y,QSIX
Y,QSML
Y,QSPT
Y,QSR
Y,QSWN
Y,QTAP
Y,QTEC
Y,QTI
Y,QTJA
Y,QTJL
Y,QTOC
Y,QTOP
Y,QTR
Y,QTRX
Y,QTTB
Y,QTUM
Y,QTWO
Y,QUAD
Y,QUAL
Y,QUBT
Y,QUIK
Y,QULL
Y,QURE
Y,QUS
Y,QUVU
Y,QVAL
Y,QVCC
Y,QVCD
Y,QVML
Y,QVMM
Y,QVMS
Y,QVOY
Y,QWLD
Y,QXO
Y,QXQ
Y,QYLD
Y,QYLE
Y,QYLG
Y,R
Y,RA
Y,RAAX
Y,RACE
Y,RAFE
Y,RAIL
Y,RAMP
Y,RAND
Y,RANI
Y,RAPP
Y,RAPT
Y,RARE
Y,RATE
Y,RAVE
Y,RAVI
Y,RAY
Y,RAYA
Y,RAYC
Y,RAYD
Y,RAYE
Y,RAYJ
Y,RAYS
Y,RBA
Y,RBB
Y,RBBN
Y,RBC
Y,RBCAA
Y,RBKB
Y,RBLD
Y,RBLX
Y,RBOT
Y,RBOT.W
Y,RBRK
Y,RBUF
Y,RC
Y,RCAT
Y,RCB
Y,RCC
Y,RCEL
Y,RCFA
Y,RCFA.U
Y,RCFA.W
Y,RCG
Y,RCI
Y,RCKT
Y,RCKTW
Y,RCKY
Y,RCL
Y,RCM
Y,RCMT
Y,RCON
Y,RCS
Y,RCUS
Y,RDACU
Y,RDCM
Y,RDDT
Y,RDFI
Y,RDFN
Y,RDHL
Y,RDI
Y,RDIB
Y,RDIV
Y,RDN
Y,RDNT
Y,RDOG
Y,RDTE
Y,RDUS
Y,RDVI
Y,RDVT
Y,RDVY
Y,RDW
Y,RDW.W
Y,RDWR
Y,RDY
Y,RDZN
Y,RDZNW
Y,REAI
Y,REAL
Y,REAX
Y,REBN
Y,RECS
Y,RECT
Y,REE
Y,REET
Y,REFI
Y,REFR
Y,REG
Y,REGCO
Y,REGCP
Y,REGL
Y,REGN
Y,REI
Y,REIT
Y,REK
Y,REKR
Y,REKT
Y,RELI
Y,RELIW
Y,RELL
Y,RELX
Y,RELY
Y,REM
Y,REMX
Y,RENB
Y,RENE
Y,RENEU
Y,RENEW
Y,RENT
Y,RENW
Y,REPL
Y,REPX
Y,RERE
Y,RES
Y,RETL
Y,RETO
Y,REVB
Y,REVBW
Y,REVG
Y,REVS
Y,REW
Y,REX
Y,REXR
Y,REYN
Y,REZ
Y,REZI
Y,RF
Y,RFAC
Y,RFACR
Y,RFACU
Y,RFACW
Y,RFAI
Y,RFAIR
Y,RFAIU
Y,RFCI
Y,RFDA
Y,RFDI
Y,RFEM
Y,RFEU
Y,RFFC
Y,RFG
Y,RFI
Y,RFIL
Y,RFL
Y,RFLR
Y,RFM
Y,RFMZ
Y,RFV
Y,RGA
Y,RGC
Y,RGCO
Y,RGEF
Y,RGEN
Y,RGF
Y,RGLD
Y,RGLS
Y,RGNX
Y,RGP
Y,RGR
Y,RGS
Y,RGT
Y,RGTI
Y,RGTIW
Y,RH
Y,RHCB
Y,RHE
Y,RHI
Y,RHP
Y,RHRX
Y,RHTX
Y,RICK
Y,RIET
Y,RIG
Y,RIGL
Y,RIGS
Y,RILY
Y,RILYG
Y,RILYK
Y,RILYL
Y,RILYM
Y,RILYN
Y,RILYP
Y,RILYT
Y,RILYZ
Y,RIME
Y,RINC
Y,RINF
Y,RING
Y,RIO
Y,RIOT
Y,RISN
Y,RISR
Y,RITA
Y,RITM
Y,RITR
Y,RIV
Y,RIVN
Y,RJF
Y,RJMG
Y,RKDA
Y,RKLB
Y,RKT
Y,RL
Y,RLAY
Y,RLGT
Y,RLI
Y,RLJ
Y,RLMD
Y,RLTY
Y,RLX
Y,RLY
Y,RLYB
Y,RM
Y,RMAX
Y,RMBI
Y,RMBL
Y,RMBS
Y,RMCA
Y,RMCF
Y,RMCO
Y,RMCOW
Y,RMD
Y,RMI
Y,RMIF
Y,RMM
Y,RMMZ
Y,RMNI
Y,RMNY
Y,RMOP
Y,RMR
Y,RMT
Y,RMTI
Y,RNA
Y,RNAC
Y,RNAZ
Y,RND
Y,RNEM
Y,RNEW
Y,RNG
Y,RNGR
Y,RNP
Y,RNR
Y,RNRG
Y,RNSC
Y,RNST
Y,RNW
Y,RNWWW
Y,RNWZ
Y,RNXT
Y,ROAD
Y,ROAM
Y,ROBO
Y,ROBT
Y,ROCK
Y,ROCL
Y,ROCLU
Y,ROCLW
Y,RODE
Y,RODM
Y,ROE
Y,ROG
Y,ROIC
Y,ROIS
Y,ROIV
Y,ROK
Y,ROKT
Y,ROKU
Y,ROL
Y,ROLR
Y,ROM
Y,ROMA
Y,ROMO
Y,ROOF
Y,ROOT
Y,ROP
Y,RORO
Y,ROSC
Y,ROST
Y,ROUS
Y,RPAR
Y,RPAY
Y,RPD
Y,RPG
Y,RPHS
Y,RPID
Y,RPM
Y,RPRX
Y,RPTX
Y,RPV
Y,RQI
Y,RR
Y,RRBI
Y,RRC
Y,RRGB
Y,RRR
Y,RRX
Y,RS
Y,RSBT
Y,RSBY
Y,RSEE
Y,RSF
Y,RSG
Y,RSHO
Y,RSI
Y,RSJN
Y,RSKD
Y,RSLS
Y,RSMC
Y,RSP
Y,RSPA
Y,RSPC
Y,RSPD
Y,RSPE
Y,RSPF
Y,RSPG
Y,RSPH
Y,RSPM
Y,RSPN
Y,RSPR
Y,RSPS
Y,RSPT
Y,RSPU
Y,RSSB
Y,RSSE
Y,RSSL
Y,RSSS
Y,RSST
Y,RSSY
Y,RSVR
Y,RSVRW
Y,RTAI
Y,RTC
Y,RTH
Y,RTO
Y,RTRE
Y,RTX
Y,RULE
Y,RUM
Y,RUMBW
Y,RUN
Y,RUNN
Y,RUSHA
Y,RUSHB
Y,RVER
Y,RVLV
Y,RVMD
Y,RVMDW
Y,RVNC
Y,RVNU
Y,RVP
Y,RVPH
Y,RVPHW
Y,RVRB
Y,RVSB
Y,RVSN
Y,RVSNW
Y,RVT
Y,RVTY
Y,RVYL
Y,RWAY
Y,RWAYL
Y,RWAYZ
Y,RWJ
Y,RWK
Y,RWL
Y,RWM
Y,RWO
Y,RWR
Y,RWT
Y,RWTN
Y,RWTO
Y,RWX
Y,RXD
Y,RXI
Y,RXL
Y,RXO
Y,RXRX
Y,RXST
Y,RXT
Y,RY
Y,RYAAY
Y,RYAM
Y,RYAN
Y,RYDE
Y,RYI
Y,RYLD
Y,RYLG
Y,RYN
Y,RYSE
Y,RYTM
Y,RZB
Y,RZC
Y,RZG
Y,RZLT
Y,RZLV
Y,RZLVW
Y,RZV
Y,S
Y,SA
Y,SAA
Y,SABA
Y,SABR
Y,SABS
Y,SABSW
Y,SACC
Y,SACH
Y,SAEF
Y,SAFE
Y,SAFT
Y,SAG
Y,SAGE
Y,SAGP
Y,SAH
Y,SAIA
Y,SAIC
Y,SAIH
Y,SAIHW
Y,SAJ
Y,SAM
Y,SAMG
Y,SAMM
Y,SAMT
Y,SAN
Y,SANA
Y,SAND
Y,SANG
Y,SANM
Y,SANW
Y,SAP
Y,SAR
Y,SARK
Y,SARO
Y,SASR
Y,SAT
Y,SATL
Y,SATLW
Y,SATO
Y,SATS
Y,SATX
Y,SAUG
Y,SAVA
Y,SAVE
Y,SAWG
Y,SAWS
Y,SAY
Y,SAZ
Y,SB
Y,SBAC
Y,SBB
Y,SBBA
Y,SBC
Y,SBCF
Y,SBCWW
Y,SBET
Y,SBEV
Y,SBEV.W
Y,SBFG
Y,SBFM
Y,SBFMW
Y,SBGI
Y,SBH
Y,SBI
Y,SBIO
Y,SBIT
Y,SBLK
Y,SBND
Y,SBR
Y,SBRA
Y,SBS
Y,SBSI
Y,SBSW
Y,SBT
Y,SBUX
Y,SBXD
Y,SBXD.U
Y,SBXD.W
Y,SCAP
Y,SCC
Y,SCCC
Y,SCCD
Y,SCCE
Y,SCCF
Y,SCCG
Y,SCCO
Y,SCD
Y,SCDL
Y,SCDS
Y,SCHA
Y,SCHB
Y,SCHC
Y,SCHD
Y,SCHE
Y,SCHF
Y,SCHG
Y,SCHH
Y,SCHI
Y,SCHJ
Y,SCHK
Y,SCHL
Y,SCHM
Y,SCHO
Y,SCHP
Y,SCHQ
Y,SCHR
Y,SCHV
Y,SCHW
Y,SCHX
Y,SCHY
Y,SCHZ
Y,SCI
Y,SCIO
Y,SCJ
Y,SCKT
Y,SCL
Y,SCLX
Y,SCLXW
Y,SCLZ
Y,SCM
Y,SCMB
Y,SCNI
Y,SCNX
Y,SCO
Y,SCOR
Y,SCPH
Y,SCPX
Y,SCS
Y,SCSC
Y,SCUS
Y,SCVL
Y,SCWO
Y,SCWX
Y,SCYB
Y,SCYX
Y,SCZ
Y,SD
Y,SDA
Y,SDAWW
Y,SDCI
Y,SDCP
Y,SDD
Y,SDEM
Y,SDFI
Y,SDG
Y,SDGR
Y,SDHC
Y,SDHY
Y,SDIG
Y,SDIV
Y,SDOG
Y,SDOT
Y,SDOW
Y,SDP
Y,SDRL
Y,SDS
Y,SDSI
Y,SDST
Y,SDSTW
Y,SDVD
Y,SDVY
Y,SDY
Y,SE
Y,SEA
Y,SEAT
Y,SEATW
Y,SEB
Y,SECR
Y,SECT
Y,SEDG
Y,SEE
Y,SEED
Y,SEEM
Y,SEER
Y,SEF
Y,SEG
Y,SEI
Y,SEIC
Y,SEIE
Y,SEIM
Y,SEIQ
Y,SEIS
Y,SEIV
Y,SEIX
Y,SELF
Y,SELV
Y,SELX
Y,SEM
Y,SEMI
Y,SEMR
Y,SENEA
Y,SENEB
Y,SENS
Y,SEPM
Y,SEPN
Y,SEPP
Y,SEPT
Y,SEPU
Y,SEPW
Y,SEPZ
Y,SER
Y,SERA
Y,SERV
Y,SES
Y,SES.W
Y,SETH
Y,SETM
Y,SEVN
Y,SEZL
Y,SF
Y,SFB
Y,SFBC
Y,SFBS
Y,SFEB
Y,SFHG
Y,SFIX
Y,SFL
Y,SFLO
Y,SFLR
Y,SFM
Y,SFNC
Y,SFST
Y,SFWL
Y,SFY
Y,SFYF
Y,SFYX
Y,SG
Y,SGA
Y,SGBX
Y,SGC
Y,SGD
Y,SGDJ
Y,SGDM
Y,SGHC
Y,SGHT
Y,SGLC
Y,SGLY
Y,SGMA
Y,SGML
Y,SGMO
Y,SGMT
Y,SGN
Y,SGOL
Y,SGOV
Y,SGRP
Y,SGRY
Y,SGU
Y,SH
Y,SHAG
Y,SHAK
Y,SHBI
Y,SHC
Y,SHCO
Y,SHDG
Y,SHE
Y,SHEH
Y,SHEL
Y,SHEN
Y,SHFS
Y,SHFSW
Y,SHG
Y,SHIM
Y,SHIP
Y,SHLD
Y,SHLS
Y,SHLT
Y,SHM
Y,SHMD
Y,SHMDW
Y,SHNY
Y,SHO
Y,SHOC
Y,SHOO
Y,SHOP
Y,SHOT
Y,SHOTW
Y,SHPH
Y,SHPP
Y,SHRT
Y,SHRY
Y,SHUS
Y,SHV
Y,SHW
Y,SHY
Y,SHYD
Y,SHYF
Y,SHYG
Y,SHYL
Y,SIBN
Y,SID
Y,SIDU
Y,SIEB
Y,SIF
Y,SIFI
Y,SIFY
Y,SIG
Y,SIGA
Y,SIGI
Y,SIGIP
Y,SIHY
Y,SII
Y,SIJ
Y,SIL
Y,SILA
Y,SILC
Y,SILJ
Y,SILO
Y,SILV
Y,SIM
Y,SIMA
Y,SIMAU
Y,SIMAW
Y,SIMO
Y,SIMS
Y,SINT
Y,SIO
Y,SIRI
Y,SISI
Y,SITC
Y,SITE
Y,SITM
Y,SIVR
Y,SIXA
Y,SIXD
Y,SIXF
Y,SIXG
Y,SIXH
Y,SIXJ
Y,SIXL
Y,SIXO
Y,SIXP
Y,SIXS
Y,SIXZ
Y,SIZE
Y,SJ
Y,SJB
Y,SJCP
Y,SJLD
Y,SJM
Y,SJNK
Y,SJT
Y,SJW
Y,SKE
Y,SKF
Y,SKGR
Y,SKGRU
Y,SKGRW
Y,SKIL
Y,SKIN
Y,SKK
Y,SKLZ
Y,SKM
Y,SKOR
Y,SKRE
Y,SKT
Y,SKWD
Y,SKX
Y,SKY
Y,SKYE
Y,SKYH
Y,SKYH.W
Y,SKYQ
Y,SKYT
Y,SKYU
Y,SKYW
Y,SKYX
Y,SKYY
Y,SLAB
Y,SLB
Y,SLDB
Y,SLDP
Y,SLDPW
Y,SLDR
Y,SLE
Y,SLF
Y,SLG
Y,SLGL
Y,SLGN
Y,SLI
Y,SLM
Y,SLMBP
Y,SLN
Y,SLND
Y,SLND.W
Y,SLNG
Y,SLNH
Y,SLNHP
Y,SLNO
Y,SLP
Y,SLQD
Y,SLQT
Y,SLRC
Y,SLRN
Y,SLRX
Y,SLS
Y,SLSR
Y,SLV
Y,SLVM
Y,SLVO
Y,SLVP
Y,SLX
Y,SLXN
Y,SLXNW
Y,SLYG
Y,SLYV
Y,SM
Y,SMAP
Y,SMAR
Y,SMAX
Y,SMAY
Y,SMB
Y,SMBC
Y,SMBK
Y,SMC
Y,SMCF
Y,SMCI
Y,SMCO
Y,SMCP
Y,SMCX
Y,SMCY
Y,SMDD
Y,SMDV
Y,SMFG
Y,SMG
Y,SMH
Y,SMHB
Y,SMHI
Y,SMHX
Y,SMI
Y,SMID
Y,SMIG
Y,SMIN
Y,SMIZ
Y,SMLF
Y,SMLL
Y,SMLR
Y,SMLV
Y,SMMD
Y,SMMT
Y,SMMU
Y,SMMV
Y,SMN
Y,SMOG
Y,SMOT
Y,SMP
Y,SMPL
Y,SMR
Y,SMR.W
Y,SMRI
Y,SMRT
Y,SMSI
Y,SMST
Y,SMTC
Y,SMTH
Y,SMTI
Y,SMTK
Y,SMWB
Y,SMX
Y,SMXT
Y,SMXWW
Y,SN
Y,SNA
Y,SNAL
Y,SNAP
Y,SNAV
Y,SNAX
Y,SNAXW
Y,SNBR
Y,SNCR
Y,SNCRL
Y,SNCY
Y,SND
Y,SNDA
Y,SNDL
Y,SNDR
Y,SNDX
Y,SNES
Y,SNEX
Y,SNFCA
Y,SNGX
Y,SNN
Y,SNOA
Y,SNOV
Y,SNOW
Y,SNOY
Y,SNPD
Y,SNPE
Y,SNPG
Y,SNPS
Y,SNPV
Y,SNPX
Y,SNRE
Y,SNSE
Y,SNSR
Y,SNT
Y,SNTG
Y,SNTI
Y,SNV
Y,SNX
Y,SNY
Y,SNYR
Y,SO
Y,SOAR
Y,SOBO
Y,SOBR
Y,SOC
Y,SOCL
Y,SOFI
Y,SOFR
Y,SOGP
Y,SOHO
Y,SOHOB
Y,SOHON
Y,SOHOO
Y,SOHU
Y,SOJC
Y,SOJD
Y,SOJE
Y,SOL
Y,SOLR
Y,SOLV
Y,SON
Y,SOND
Y,SONDW
Y,SONM
Y,SONN
Y,SONO
Y,SONY
Y,SOPA
Y,SOPH
Y,SOR
Y,SOS
Y,SOTK
Y,SOUN
Y,SOUNW
Y,SOVF
Y,SOWG
Y,SOXL
Y,SOXM
Y,SOXQ
Y,SOXS
Y,SOXW
Y,SOXX
Y,SOYB
Y,SPAB
Y,SPAI
Y,SPAM
Y,SPAQ
Y,SPAX
Y,SPB
Y,SPBC
Y,SPBO
Y,SPC
Y,SPCB
Y,SPCE
Y,SPCX
Y,SPCZ
Y,SPD
Y,SPDG
Y,SPDN
Y,SPDV
Y,SPDW
Y,SPE
Y,SPEM
Y,SPEU
Y,SPFF
Y,SPFI
Y,SPG
Y,SPGC
Y,SPGI
Y,SPGM
Y,SPGP
Y,SPH
Y,SPHB
Y,SPHD
Y,SPHL
Y,SPHQ
Y,SPHR
Y,SPHY
Y,SPI
Y,SPIB
Y,SPIN
Y,SPIP
Y,SPIR
Y,SPKL
Y,SPKLU
Y,SPKLW
Y,SPLB
Y,SPLG
Y,SPLP
Y,SPLV
Y,SPMA
Y,SPMB
Y,SPMC
Y,SPMD
Y,SPMO
Y,SPMV
Y,SPNS
Y,SPNT
Y,SPOK
Y,SPOT
Y,SPPL
Y,SPPP
Y,SPQ
Y,SPR
Y,SPRB
Y,SPRC
Y,SPRE
Y,SPRO
Y,SPRU
Y,SPRX
Y,SPRY
Y,SPSB
Y,SPSC
Y,SPSK
Y,SPSM
Y,SPT
Y,SPTB
Y,SPTE
Y,SPTI
Y,SPTL
Y,SPTM
Y,SPTN
Y,SPTS
Y,SPUC
Y,SPUS
Y,SPUU
Y,SPVM
Y,SPVU
Y,SPWH
Y,SPWO
Y,SPXC
Y,SPXE
Y,SPXL
Y,SPXN
Y,SPXS
Y,SPXT
Y,SPXU
Y,SPXV
Y,SPXX
Y,SPY
Y,SPYB
Y,SPYC
Y,SPYD
Y,SPYG
Y,SPYI
Y,SPYM
Y,SPYQ
Y,SPYT
Y,SPYU
Y,SPYV
Y,SPYX
Y,SQ
Y,SQEW
Y,SQFT
Y,SQFTP
Y,SQFTW
Y,SQLV
Y,SQM
Y,SQNS
Y,SQQQ
Y,SQY
Y,SR
Y,SRAD
Y,SRBK
Y,SRCE
Y,SRDX
Y,SRE
Y,SREA
Y,SRET
Y,SRFM
Y,SRG
Y,SRHQ
Y,SRHR
Y,SRI
Y,SRL
Y,SRLN
Y,SRM
Y,SROI
Y,SRPT
Y,SRRK
Y,SRS
Y,SRTS
Y,SRTY
Y,SRV
Y,SRVR
Y,SRZN
Y,SRZNW
Y,SSB
Y,SSBI
Y,SSBK
Y,SSD
Y,SSFI
Y,SSG
Y,SSKN
Y,SSL
Y,SSNC
Y,SSO
Y,SSP
Y,SSPX
Y,SSPY
Y,SSRM
Y,SSSS
Y,SSSSL
Y,SST
Y,SST.W
Y,SSTI
Y,SSTK
Y,SSUS
Y,SSXU
Y,SSY
Y,SSYS
Y,ST
Y,STAA
Y,STAF
Y,STAG
Y,STAX
Y,STBA
Y,STBF
Y,STBX
Y,STC
Y,STCE
Y,STCN
Y,STE
Y,STEC
Y,STEL
Y,STEM
Y,STEP
Y,STEW
Y,STFS
Y,STG
Y,STGW
Y,STHO
Y,STI
Y,STIM
Y,STIP
Y,STK
Y,STKH
Y,STKL
Y,STKS
Y,STLA
Y,STLD
Y,STM
Y,STN
Y,STNC
Y,STNE
Y,STNG
Y,STOK
Y,STOT
Y,STPZ
Y,STR
Y,STRA
Y,STRL
Y,STRM
Y,STRO
Y,STRR
Y,STRRP
Y,STRS
Y,STRT
Y,STRV
Y,STRW
Y,STSS
Y,STSSW
Y,STT
Y,STTK
Y,STVN
Y,STWD
Y,STX
Y,STXD
Y,STXE
Y,STXG
Y,STXI
Y,STXK
Y,STXM
Y,STXS
Y,STXT
Y,STXV
Y,STZ
Y,SU
Y,SUB
Y,SUGP
Y,SUI
Y,SUM
Y,SUN
Y,SUNS
Y,SUP
Y,SUPL
Y,SUPN
Y,SUPP
Y,SUPV
Y,SURE
Y,SURG
Y,SURI
Y,SUSA
Y,SUSB
Y,SUSC
Y,SUSL
Y,SUUN
Y,SUZ
Y,SVA
Y,SVAL
Y,SVC
Y,SVCO
Y,SVII
Y,SVIIR
Y,SVIIU
Y,SVIIW
Y,SVIX
Y,SVM
Y,SVMH
Y,SVMHW
Y,SVOL
Y,SVRA
Y,SVRE
Y,SVREW
Y,SVT
Y,SVV
Y,SVXY
Y,SW
Y,SWAG
Y,SWAGW
Y,SWAN
Y,SWBI
Y,SWI
Y,SWIM
Y,SWIN
Y,SWK
Y,SWKH
Y,SWKHL
Y,SWKS
Y,SWP
Y,SWTX
Y,SWVL
Y,SWVLW
Y,SWX
Y,SWZ
Y,SXC
Y,SXI
Y,SXQG
Y,SXT
Y,SXTC
Y,SXTP
Y,SXTPW
Y,SY
Y,SYBT
Y,SYBX
Y,SYF
Y,SYFI
Y,SYK
Y,SYLD
Y,SYM
Y,SYNA
Y,SYNB
Y,SYNX
Y,SYPR
Y,SYRA
Y,SYRE
Y,SYRS
Y,SYT
Y,SYTA
Y,SYTAW
Y,SYY
Y,SZK
Y,SZNE
Y,T
Y,TAC
Y,TACK
Y,TACT
Y,TAFI
Y,TAFL
Y,TAFM
Y,TAGG
Y,TAGS
Y,TAIL
Y,TAIT
Y,TAK
Y,TAL
Y,TALK
Y,TALKW
Y,TALO
Y,TAN
Y,TANH
Y,TAOP
Y,TAP
Y,TAP.A
Y,TARA
Y,TARK
Y,TARS
Y,TASK
Y,TATT
Y,TAXE
Y,TAXF
Y,TAXX
Y,TAYD
Y,TBB
Y,TBBB
Y,TBBK
Y,TBC
Y,TBF
Y,TBFC
Y,TBFG
Y,TBG
Y,TBI
Y,TBIL
Y,TBJL
Y,TBLA
Y,TBLAW
Y,TBLD
Y,TBLL
Y,TBLU
Y,TBMC
Y,TBMCR
Y,TBN
Y,TBNK
Y,TBPH
Y,TBRG
Y,TBT
Y,TBUX
Y,TBX
Y,TC
Y,TCAF
Y,TCBI
Y,TCBIO
Y,TCBK
Y,TCBP
Y,TCBPW
Y,TCBS
Y,TCBX
Y,TCHI
Y,TCHP
Y,TCI
Y,TCMD
Y,TCOM
Y,TCPC
Y,TCRT
Y,TCRX
Y,TCS
Y,TCTM
Y,TCX
Y,TD
Y,TDC
Y,TDF
Y,TDG
Y,TDI
Y,TDIV
Y,TDOC
Y,TDS
Y,TDSB
Y,TDSC
Y,TDTF
Y,TDTH
Y,TDTT
Y,TDUP
Y,TDV
Y,TDVG
Y,TDVI
Y,TDW
Y,TDY
Y,TEAF
Y,TEAM
Y,TECB
Y,TECH
Y,TECK
Y,TECL
Y,TECS
Y,TECTP
Y,TECX
Y,TEF
Y,TEI
Y,TEK
Y,TEKX
Y,TEL
Y,TELA
Y,TELO
Y,TEM
Y,TEMP
Y,TEN
Y,TENB
Y,TENX
Y,TEO
Y,TEQI
Y,TER
Y,TERN
Y,TETE
Y,TETEU
Y,TETEW
Y,TEVA
Y,TEX
Y,TFC
Y,TFFP
Y,TFI
Y,TFII
Y,TFIN
Y,TFINP
Y,TFJL
Y,TFLO
Y,TFLR
Y,TFPM
Y,TFPN
Y,TFSA
Y,TFSL
Y,TFX
Y,TG
Y,TGAA
Y,TGAAU
Y,TGAAW
Y,TGB
Y,TGI
Y,TGL
Y,TGLR
Y,TGLS
Y,TGNA
Y,TGRT
Y,TGRW
Y,TGS
Y,TGT
Y,TGTX
Y,TH
Y,THAR
Y,THC
Y,THCH
Y,THCP
Y,THCPU
Y,THCPW
Y,THD
Y,THFF
Y,THG
Y,THIR
Y,THLV
Y,THM
Y,THNQ
Y,THNR
Y,THO
Y,THQ
Y,THR
Y,THRD
Y,THRM
Y,THRO
Y,THRY
Y,THS
Y,THTA
Y,THTX
Y,THW
Y,THY
Y,THYF
Y,TIGO
Y,TIGR
Y,TIL
Y,TILE
Y,TILL
Y,TILT
Y,TIMB
Y,TIME
Y,TINT
Y,TINY
Y,TIP
Y,TIPT
Y,TIPX
Y,TIPZ
Y,TIRX
Y,TISI
Y,TITN
Y,TIVC
Y,TIXT
Y,TJUL
Y,TJX
Y,TK
Y,TKC
Y,TKLF
Y,TKNO
Y,TKO
Y,TKR
Y,TLF
Y,TLGY
Y,TLGYU
Y,TLGYW
Y,TLH
Y,TLK
Y,TLN
Y,TLPH
Y,TLRY
Y,TLS
Y,TLSA
Y,TLSI
Y,TLSIW
Y,TLT
Y,TLTD
Y,TLTE
Y,TLTM
Y,TLTP
Y,TLTQ
Y,TLTW
Y,TLX
Y,TLYS
Y,TM
Y,TMAT
Y,TMC
Y,TMCI
Y,TMCWW
Y,TMDV
Y,TMDX
Y,TME
Y,TMET
Y,TMF
Y,TMFC
Y,TMFE
Y,TMFG
Y,TMFM
Y,TMFS
Y,TMFX
Y,TMHC
Y,TMO
Y,TMP
Y,TMQ
Y,TMSL
Y,TMTC
Y,TMTCR
Y,TMTCU
Y,TMUS
Y,TMV
Y,TNA
Y,TNC
Y,TNDM
Y,TNET
Y,TNFA
Y,TNGX
Y,TNK
Y,TNL
Y,TNON
Y,TNONW
Y,TNXP
Y,TNYA
Y,TOAK
Y,TOGA
Y,TOI
Y,TOIIW
Y,TOK
Y,TOKE
Y,TOL
Y,TOLL
Y,TOLZ
Y,TOMZ
Y,TOON
Y,TOP
Y,TOPS
Y,TOPT
Y,TORO
Y,TOST
Y,TOTL
Y,TOTR
Y,TOUR
Y,TOUS
Y,TOVX
Y,TOWN
Y,TOYO
Y,TPB
Y,TPC
Y,TPCS
Y,TPET
Y,TPG
Y,TPGXL
Y,TPH
Y,TPHD
Y,TPHE
Y,TPIC
Y,TPIF
Y,TPL
Y,TPLC
Y,TPLE
Y,TPMN
Y,TPOR
Y,TPR
Y,TPSC
Y,TPST
Y,TPTA
Y,TPVG
Y,TPX
Y,TPYP
Y,TPZ
Y,TQQQ
Y,TR
Y,TRAK
Y,TRAW
Y,TRC
Y,TRDA
Y,TREE
Y,TREX
Y,TRFK
Y,TRFM
Y,TRGP
Y,TRI
Y,TRIB
Y,TRIN
Y,TRINI
Y,TRINL
Y,TRINZ
Y,TRIP
Y,TRMB
Y,TRMD
Y,TRMK
Y,TRML
Y,TRN
Y,TRND
Y,TRNO
Y,TRNR
Y,TRNS
Y,TROO
Y,TROW
Y,TROX
Y,TRP
Y,TRS
Y,TRSG
Y,TRST
Y,TRSY
Y,TRT
Y,TRTX
Y,TRTY
Y,TRU
Y,1
Y,TRUG
Y,TRUP
Y,TRV
Y,TRVG
Y,TRVI
Y,TRX
Y,TS
Y,TSAT
Y,TSBK
Y,TSBX
Y,TSCO
Y,TSDD
Y,TSE
Y,TSEC
Y,TSEM
Y,TSEP
Y,TSHA
Y,TSI
Y,TSL
Y,TSLA
Y,TSLL
Y,TSLP
Y,TSLQ
Y,TSLR
Y,TSLS
Y,TSLT
Y,TSLW
Y,TSLX
Y,TSLY
Y,TSLZ
Y,TSM
Y,TSME
Y,TSMU
Y,TSMX
Y,TSMY
Y,TSMZ
Y,TSN
Y,TSPA
Y,TSPY
Y,TSQ
Y,TSSI
Y,TSVT
Y,TT
Y,TTAC
Y,TTAI
Y,TTC
Y,TTD
Y,TTE
Y,TTEC
Y,TTEK
Y,TTEQ
Y,TTGT
Y,TTI
Y,TTMI
Y,TTNP
Y,TTOO
Y,TTP
Y,TTSH
Y,TTT
Y,TTWO
Y,TU
Y,TUA
Y,TUG
Y,TUGN
Y,TUR
Y,TURB
Y,TURN
Y,TUSI
Y,TUSK
Y,TUYA
Y,TV
Y,TVAL
Y,TVC
Y,TVE
Y,TVGN
Y,TVGNW
Y,TVTX
Y,TW
Y,TWFG
Y,TWG
Y,TWI
Y,TWIN
Y,TWIO
Y,TWLO
Y,TWM
Y,TWN
Y,TWO
Y,TWST
Y,TX
Y,TXG
Y,TXMD
Y,TXN
Y,TXNM
Y,TXO
Y,TXRH
Y,TXS
Y,TXSS
Y,TXT
Y,TY
Y,TYA
Y,TYD
Y,TYG
Y,TYGO
Y,TYL
Y,TYLD
Y,TYLG
Y,TYO
Y,TYRA
Y,TZA
Y,TZOO
Y,TZUP
Y,U
Y,UA
Y,UAA
Y,UAE
Y,UAL
Y,UAMY
Y,UAN
Y,UAPR
Y,UAUG
Y,UAVS
Y,UBCP
Y,UBER
Y,UBFO
Y,UBND
Y,UBOT
Y,UBR
Y,UBRL
Y,UBS
Y,UBSI
Y,UBT
Y,UBX
Y,UBXG
Y,UCAR
Y,UCB
Y,UCC
Y,UCIB
Y,UCL
Y,UCO
Y,UCON
Y,UCRD
Y,UCTT
Y,UCYB
Y,UDEC
Y,UDI
Y,UDIV
Y,UDMY
Y,UDN
Y,UDOW
Y,UDR
Y,UE
Y,UEC
Y,UEIC
Y,UEVM
Y,UFCS
Y,UFEB
Y,UFI
Y,UFIV
Y,UFO
Y,UFPI
Y,UFPT
Y,UG
Y,UGA
Y,UGE
Y,UGI
Y,UGL
Y,UGP
Y,UGRO
Y,UHAL
Y,UHAL.B
Y,UHG
Y,UHGWW
Y,UHS
Y,UHT
Y,UI
Y,UIS
Y,UITB
Y,UIVM
Y,UJAN
Y,UJB
Y,UJUL
Y,UJUN
Y,UK
Y,UKOMW
Y,UL
Y,ULBI
Y,ULCC
Y,ULE
Y,ULH
Y,ULS
Y,ULST
Y,ULTA
Y,ULTY
Y,ULVM
Y,ULY
Y,UMAC
Y,UMAR
Y,UMAY
Y,UMBF
Y,UMC
Y,UMDD
Y,UMH
Y,UMI
Y,UMMA
Y,UNB
Y,UNCY
Y,UNF
Y,UNFI
Y,UNG
Y,UNH
Y,UNIT
Y,UNIY
Y,UNL
Y,UNM
Y,UNMA
Y,UNOV
Y,UNP
Y,UNTY
Y,UOCT
Y,UONE
Y,UONEK
Y,UP
Y,UPAR
Y,UPB
Y,UPBD
Y,UPC
Y,UPGD
Y,UPGR
Y,UPLD
Y,UPRO
Y,UPS
Y,UPST
Y,UPV
Y,UPW
Y,UPWK
Y,UPXI
Y,URA
Y,URAA
Y,URAN
Y,URAX
Y,URBN
Y,URE
Y,URG
Y,URGN
Y,URI
Y,URNJ
Y,URNM
Y,UROY
Y,URTH
Y,URTY
Y,USA
Y,USAC
Y,USAI
Y,USAP
Y,USAS
Y,USAU
Y,USB
Y,USCA
Y,USCB
Y,USCF
Y,USCI
Y,USCL
Y,USD
Y,USDU
Y,USDX
Y,USE
Y,USEA
Y,USEG
Y,USEP
Y,USFD
Y,USFI
Y,USFR
Y,USG
Y,USGO
Y,USGOW
Y,USHY
Y,USIG
Y,USIN
Y,USIO
Y,USL
Y,USLM
Y,USM
Y,USMC
Y,USMF
Y,USML
Y,USMV
Y,USNA
Y,USNZ
Y,USO
Y,USOI
Y,USOY
Y,USPH
Y,USPX
Y,USRD
Y,USRT
Y,USSE
Y,USSG
Y,USSH
Y,UST
Y,USTB
Y,USVM
Y,USVN
Y,USXF
Y,UTEN
Y,UTES
Y,UTF
Y,UTG
Y,UTHR
Y,UTHY
Y,UTI
Y,UTL
Y,UTMD
Y,UTRE
Y,UTRN
Y,UTSI
Y,UTSL
Y,UTWO
Y,UTWY
Y,UTZ
Y,UUP
Y,UUU
Y,UUUU
Y,UVE
Y,UVIX
Y,UVSP
Y,UVV
Y,UVXY
Y,UWM
Y,UWMC
Y,UWMC.W
Y,UXI
Y,UXIN
Y,UXOC
Y,UYG
Y,UYLD
Y,UYM
Y,UZD
Y,UZE
Y,UZF
Y,V
Y,VABK
Y,VABS
Y,VAC
Y,VACH
Y,VACHU
Y,VACHW
Y,VAL
Y,VAL.W
Y,VALE
Y,VALN
Y,VALQ
Y,VALU
Y,VAMO
Y,VANI
Y,VATE
Y,VAW
Y,VB
Y,VBF
Y,VBFC
Y,VBK
Y,VBND
Y,VBNK
Y,VBR
Y,VBTX
Y,VC
Y,VCAR
Y,VCEB
Y,VCEL
Y,VCIC
Y,VCICU
Y,VCICW
Y,VCIG
Y,VCIT
Y,VCLN
Y,VCLT
Y,VCNX
Y,VCR
Y,VCRB
Y,VCSA
Y,VCSH
Y,VCTR
Y,VCV
Y,VCYT
Y,VDC
Y,VDE
Y,VEA
Y,VECO
Y,VEEA
Y,VEEAW
Y,VEEE
Y,VEEV
Y,VEGA
Y,VEGI
Y,VEGN
Y,VEL
Y,VEMY
Y,VEON
Y,VERA
Y,VERB
Y,VERI
Y,VERO
Y,VERS
Y,VERU
Y,VERV
Y,VERX
Y,VET
Y,VETZ
Y,VEU
Y,VFC
Y,VFF
Y,VFH
Y,VFL
Y,VFLO
Y,VFMF
Y,VFMO
Y,VFMV
Y,VFQY
Y,VFS
Y,VFSWW
Y,VFVA
Y,VGAS
Y,VGASW
Y,VGI
Y,VGIT
Y,VGK
Y,VGLT
Y,VGM
Y,VGSH
Y,VGSR
Y,VGT
Y,VGZ
Y,VHC
Y,VHI
Y,VHT
Y,VIASP
Y,VIAV
Y,VICE
Y,VICI
Y,VICR
Y,VIDI
Y,VIG
Y,VIGI
Y,VIGL
Y,VIK
Y,VINC
Y,VINE
Y,VINO
Y,VINP
Y,VIOG
Y,VIOO
Y,VIOT
Y,VIOV
Y,VIPS
Y,VIR
Y,VIRC
Y,VIRT
Y,VIRX
Y,VIS
Y,VISL
Y,VIST
Y,VITL
Y,VIV
Y,VIVK
Y,VIXM
Y,VIXY
Y,VKI
Y,VKQ
Y,VKTX
Y,VLCN
Y,VLGEA
Y,VLLU
Y,VLN
Y,VLN.W
Y,VLO
Y,VLRS
Y,VLT
Y,VLTO
Y,VLU
Y,VLUE
Y,VLY
Y,VLYPN
Y,VLYPO
Y,VLYPP
Y,VMAR
Y,VMAX
Y,VMBS
Y,VMC
Y,VMCA
Y,VMCAU
Y,VMCAW
Y,VMD
Y,VMEO
Y,VMI
Y,VMO
Y,VMOT
Y,VNAM
Y,VNCE
Y,VNDA
Y,VNET
Y,VNLA
Y,VNM
Y,VNO
Y,VNOM
Y,VNQ
Y,VNQI
Y,VNRX
Y,VNSE
Y,VNT
Y,VO
Y,VOC
Y,VOD
Y,VOE
Y,VONE
Y,VONG
Y,VONV
Y,VOO
Y,VOOG
Y,VOOV
Y,VOR
Y,VOT
Y,VOTE
Y,VOX
Y,VOXR
Y,VOXX
Y,VOYA
Y,VPC
Y,VPG
Y,VPL
Y,VPLS
Y,VPU
Y,VPV
Y,VRA
Y,VRAI
Y,VRAR
Y,VRAX
Y,VRCA
Y,VRDN
Y,VRE
Y,VREX
Y,VRIG
Y,VRM
Y,VRME
Y,VRMEW
Y,VRN
Y,VRNA
Y,VRNS
Y,VRNT
Y,VRP
Y,VRPX
Y,VRRM
Y,VRSK
Y,VRSN
Y,VRT
Y,VRTS
Y,VRTX
Y,VS
Y,VSAT
Y,VSCO
Y,VSDA
Y,VSEC
Y,VSEE
Y,VSEEW
Y,VSGX
Y,VSH
Y,VSHY
Y,VSLU
Y,VSME
Y,VSMV
Y,VSS
Y,VSSYW
Y,VST
Y,VSTA
Y,VSTE
Y,VSTEW
Y,VSTM
Y,VSTO
Y,VSTS
Y,VT
Y,VTAK
Y,VTC
Y,VTEB
Y,VTEC
Y,VTEI
Y,VTES
Y,VTEX
Y,VTGN
Y,VTHR
Y,VTI
Y,VTIP
Y,VTLE
Y,VTMX
Y,VTN
Y,VTOL
Y,VTR
Y,VTRS
Y,VTS
Y,VTSI
Y,VTV
Y,VTVT
Y,VTWG
Y,VTWO
Y,VTWV
Y,VTYX
Y,VUG
Y,VUSB
Y,VUSE
Y,VUZI
Y,VV
Y,VVI
Y,VVOS
Y,VVPR
Y,VVR
Y,VVV
Y,VVX
Y,VWI
Y,VWID
Y,VWO
Y,VWOB
Y,VXF
Y,VXRT
Y,VXUS
Y,VXX
Y,VXZ
Y,VYGR
Y,VYM
Y,VYMI
Y,VYNE
Y,VYX
Y,VZ
Y,VZIO
Y,VZLA
Y,W
Y,WAB
Y,WABC
Y,WABF
Y,WAFD
Y,WAFDP
Y,WAFU
Y,WAI
Y,WAL
Y,WALD
Y,WALDW
Y,WANT
Y,WASH
Y,WAT
Y,WATT
Y,WAVE
Y,WAVS
Y,WAVSU
Y,WAVSW
Y,WAY
Y,WB
Y,WBA
Y,WBAT
Y,WBD
Y,WBIF
Y,WBIG
Y,WBIL
Y,WBIY
Y,WBND
Y,WBS
Y,WBTN
Y,WBUY
Y,WBX
Y,WBX.W
Y,WCBR
Y,WCC
Y,WCEO
Y,WCLD
Y,WCME
Y,WCMI
Y,WCN
Y,WCT
Y,WD
Y,WDAY
Y,WDC
Y,WDFC
Y,WDH
Y,WDI
Y,WDIV
Y,WDNA
Y,WDS
Y,WDTE
Y,WEA
Y,WEAT
Y,WEAV
Y,WEBL
Y,WEBS
Y,WEC
Y,WEED
Y,WEEI
Y,WEEL
Y,WEIX
Y,WEL
Y,WEL.U
Y,WEL.W
Y,WELL
Y,WEN
Y,WERN
Y,WES
Y,WEST
Y,WETH
Y,WEX
Y,WEYS
Y,WF
Y,WFC
Y,WFCF
Y,WFG
Y,WFH
Y,WFRD
Y,WGMI
Y,WGO
Y,WGS
Y,WGSWW
Y,WH
Y,WHD
Y,WHF
Y,WHFCL
Y,WHG
Y,WHLM
Y,WHLR
Y,WHLRD
Y,WHLRL
Y,WHLRP
Y,WHR
Y,WIA
Y,WILC
Y,WIMI
Y,WINA
Y,WINC
Y,WING
Y,WINN
Y,WINT
Y,WINV
Y,WINVR
Y,WINVU
Y,WINVW
Y,WIP
Y,WISA
Y,WISE
Y,WIT
Y,WIW
Y,WIX
Y,WK
Y,WKC
Y,WKEY
Y,WKHS
Y,WKSP
Y,WLACU
Y,WLDN
Y,WLDR
Y,WLDS
Y,WLDSW
Y,WLFC
Y,WLGS
Y,WLK
Y,WLKP
Y,WLTG
Y,WLY
Y,WLYB
Y,WM
Y,WMB
Y,WMG
Y,WMK
Y,WMPN
Y,WMS
Y,WMT
Y,WNC
Y,WNDY
Y,WNEB
Y,WNS
Y,WNW
Y,WOK
Y,WOLF
Y,WOMN
Y,WOOD
Y,WOOF
Y,WOR
Y,WORX
Y,WOW
Y,WPC
Y,WPM
Y,WPP
Y,WPRT
Y,WRAP
Y,WRB
Y,WRBY
Y,WRD
Y,WRLD
Y,WRN
Y,WRND
Y,WS
Y,WSBC
Y,WSBCP
Y,WSBF
Y,WSC
Y,WSFS
Y,WSM
Y,WSO
Y,WSO.B
Y,WSR
Y,WST
Y,WT
Y,WTAI
Y,WTBA
Y,WTBN
Y,WTFC
Y,WTFCM
Y,WTFCP
Y,WTI
Y,WTID
Y,WTIU
Y,WTM
Y,WTMA
Y,WTMAR
Y,WTMAU
Y,WTMF
Y,WTO
Y,WTRE
Y,WTRG
Y,WTS
Y,WTTR
Y,WTV
Y,WTW
Y,WU
Y,WUCT
Y,WUGI
Y,WULF
Y,WUSA
Y,WVE
Y,WVVI
Y,WVVIP
Y,WW
Y,WWD
Y,WWJD
Y,WWR
Y,WWW
Y,WY
Y,WYNN
Y,WYY
Y,X
Y,XAIR
Y,XAIX
Y,XAPR
Y,XAR
Y,XAUG
Y,XB
Y,XBAP
Y,XBB
Y,XBI
Y,XBIL
Y,XBIO
Y,XBIT
Y,XBJA
Y,XBJL
Y,XBOC
Y,XBP
Y,XBPEW
Y,XC
Y,XCCC
Y,XCEM
Y,XCH
Y,XCLR
Y,XCNY
Y,XCOR
Y,XCUR
Y,XDAP
Y,XDAT
Y,XDEC
Y,XDJA
Y,XDJL
Y,XDOC
Y,XDQQ
Y,XDSQ
Y,XDTE
Y,XEL
Y,XELB
Y,XEMD
Y,XENE
Y,XERS
Y,XES
Y,XFEB
Y,XFIV
Y,XFIX
Y,XFLT
Y,XFLX
Y,XFOR
Y,XGN
Y,XHB
Y,XHE
Y,XHG
Y,XHLF
Y,XHR
Y,XHS
Y,XHYC
Y,XHYD
Y,XHYE
Y,XHYF
Y,XHYH
Y,XHYI
Y,XHYT
Y,XIDE
Y,XIJN
Y,XIMR
Y,XIN
Y,XISE
Y,XITK
Y,XJAN
Y,XJH
Y,XJR
Y,XJUL
Y,XJUN
Y,XLB
Y,XLC
Y,XLE
Y,XLF
Y,XLG
Y,XLI
Y,XLK
Y,XLO
Y,XLP
Y,XLRE
Y,XLSR
Y,XLU
Y,XLV
Y,XLY
Y,XMAG
Y,XMAR
Y,XMAY
Y,XME
Y,XMHQ
Y,XMLV
Y,XMMO
Y,XMPT
Y,XMTR
Y,XMVM
Y,XNAV
Y,XNCR
Y,XNET
Y,XNOV
Y,XNTK
Y,XOCT
Y,XOM
Y,XOMA
Y,XOMAO
Y,XOMAP
Y,XOMO
Y,XONE
Y,XOP
Y,XOS
Y,XOSWW
Y,XOVR
Y,XP
Y,XPAY
Y,XPEL
Y,XPER
Y,XPEV
Y,XPH
Y,XPL
Y,XPND
Y,XPO
Y,XPOF
Y,XPON
Y,XPP
Y,XPRO
Y,XRAY
Y,XRLV
Y,XRLX
Y,XRMI
Y,XRT
Y,XRTX
Y,XRX
Y,XSD
Y,XSEP
Y,XSHD
Y,XSHQ
Y,XSLV
Y,XSMO
Y,XSOE
Y,XSVM
Y,XSVN
Y,XSW
Y,XT
Y,XTAP
Y,XTEN
Y,XTIA
Y,XTJA
Y,XTJL
Y,XTKG
Y,XTL
Y,XTLB
Y,XTN
Y,XTNT
Y,XTOC
Y,XTR
Y,XTRE
Y,XTWO
Y,XTWY
Y,XUSP
Y,XVOL
Y,XVV
Y,XWEL
Y,XXCH
Y,XXII
Y,XYF
Y,XYL
Y,XYLD
Y,XYLE
Y,XYLG
Y,XYLO
Y,YALA
Y,YALL
Y,YANG
Y,YBIT
Y,YBTC
Y,YCBD
Y,YCL
Y,YCS
Y,YDEC
Y,YEAR
Y,YELP
Y,YETH
Y,YETI
Y,YEXT
Y,YGMZ
Y,YHGJ
Y,YHNA
Y,YHNAR
Y,YHNAU
Y,YI
Y,YIBO
Y,YINN
Y,YJ
Y,YJUN
Y,YLD
Y,YLDE
Y,YMAB
Y,YMAG
Y,YMAR
Y,YMAX
Y,YMM
Y,YOLO
Y,YORW
Y,YOSH
Y,YOTA
Y,YOTAR
Y,YOTAU
Y,YOTAW
Y,YOU
Y,YPF
Y,YQ
Y,YQQQ
Y,YRD
Y,YSEP
Y,YSG
Y,YTRA
Y,YUM
Y,YUMC
Y,YXI
Y,YXT
Y,YY
Y,YYAI
Y,YYGH
Y,YYY
Y,Z
Y,ZALT
Y,ZAPP
Y,ZAPPW
Y,ZAUG
Y,ZAZZT
Y,ZBAO
Y,ZBH
Y,ZBIO
Y,ZBRA
Y,ZBZX
Y,ZBZZT
Y,ZCAR
Y,ZCARW
Y,ZCMD
Y,ZCZZT
Y,ZD
Y,ZDGE
Y,ZECP
Y,ZENA
Y,ZENV
Y,ZEO
Y,ZEOWW
Y,ZEPP
Y,ZETA
Y,ZEUS
Y,ZEXIT
Y,ZG
Y,ZGN
Y,ZH
Y,ZHDG
Y,ZI
Y,ZIEXT
Y,ZIG
Y,ZIM
Y,ZIMV
Y,ZION
Y,ZIONL
Y,ZIONO
Y,ZIONP
Y,ZIP
Y,ZIVB
Y,ZJK
Y,ZJUL
Y,ZJYL
Y,ZJZZT
Y,ZK
Y,ZKH
Y,ZKIN
Y,ZLAB
Y,ZM
Y,ZNOV
Y,ZNTL
Y,ZOCT
Y,ZOM
Y,ZONE
Y,ZOOZ
Y,ZOOZW
Y,ZROZ
Y,ZS
Y,ZSB
Y,ZSC
Y,ZSEP
Y,ZSL
Y,ZTAX
Y,ZTEK
Y,ZTEN
Y,ZTEST
Y,ZTO
Y,ZTR
Y,ZTRE
Y,ZTS
Y,ZTWO
Y,ZUMZ
Y,ZUO
Y,ZURA
Y,ZVIA
Y,ZVRA
Y,ZVSA
Y,ZVV
Y,ZVZZT
Y,ZWS
Y,ZWZZT
Y,ZXIET
Y,ZXYZ.A
Y,ZXZZT
Y,ZYME
Y,ZYXI
Y,ZZZ